device_id,timestamp,meas_type,value,unit
de661529-15d0-4960-949d-ac2c736cb5b8,2025-02-11T00:00:00,ENERGYMETER,32797.91,kWh
de661529-15d0-4960-949d-ac2c736cb5b8,2025-02-11T01:00:00,ENERGYMETER,32802.84,kWh
de661529-15d0-4960-949d-ac2c736cb5b8,2025-02-11T02:00:00,ENERGYMETER,32797.91,kWh
de661529-15d0-4960-949d-ac2c736cb5b8,2025-02-11T03:00:00,ENERGYMETER,32802.84,kWh
de661529-15d0-4960-949d-ac2c736cb5b8,2025-02-11T04:00:00,ENERGYMETER,32807.83,kWh
de661529-15d0-4960-949d-ac2c736cb5b8,2025-02-11T05:00:00,ENERGYMETER,32812.82,kWh
de661529-15d0-4960-949d-ac2c736cb5b8,2025-02-11T06:00:00,ENERGYMETER,32817.81,kWh
de661529-15d0-4960-949d-ac2c736cb5b8,2025-02-11T07:00:00,ENERGYMETER,32822.83,kWh
de661529-15d0-4960-949d-ac2c736cb5b8,2025-02-11T08:00:00,ENERGYMETER,32827.86,kWh
de661529-15d0-4960-949d-ac2c736cb5b8,2025-02-11T09:00:00,ENERGYMETER,32833.54,kWh
de661529-15d0-4960-949d-ac2c736cb5b8,2025-02-11T10:00:00,ENERGYMETER,32835.07,kWh
de661529-15d0-4960-949d-ac2c736cb5b8,2025-02-11T11:00:00,ENERGYMETER,32837.13,kWh
de661529-15d0-4960-949d-ac2c736cb5b8,2025-02-11T12:00:00,ENERGYMETER,32838.31,kWh
de661529-15d0-4960-949d-ac2c736cb5b8,2025-02-11T13:00:00,ENERGYMETER,32839.49,kWh
de661529-15d0-4960-949d-ac2c736cb5b8,2025-02-11T14:00:00,ENERGYMETER,32840.69,kWh
de661529-15d0-4960-949d-ac2c736cb5b8,2025-02-11T15:00:00,ENERGYMETER,32842.05,kWh
de661529-15d0-4960-949d-ac2c736cb5b8,2025-02-11T16:00:00,ENERGYMETER,32843.41,kWh
de661529-15d0-4960-949d-ac2c736cb5b8,2025-02-11T17:00:00,ENERGYMETER,32844.86,kWh
de661529-15d0-4960-949d-ac2c736cb5b8,2025-02-11T18:00:00,ENERGYMETER,32847.01,kWh
de661529-15d0-4960-949d-ac2c736cb5b8,2025-02-11T19:00:00,ENERGYMETER,32850.1,kWh
de661529-15d0-4960-949d-ac2c736cb5b8,2025-02-11T20:00:00,ENERGYMETER,32869.75,kWh
de661529-15d0-4960-949d-ac2c736cb5b8,2025-02-11T21:00:00,ENERGYMETER,32892.52,kWh
de661529-15d0-4960-949d-ac2c736cb5b8,2025-02-11T22:00:00,ENERGYMETER,32908.57,kWh
de661529-15d0-4960-949d-ac2c736cb5b8,2025-02-11T23:00:00,ENERGYMETER,32915.06,kWh
de661529-15d0-4960-949d-ac2c736cb5b8,2025-02-12T00:00:00,ENERGYMETER,32921.48,kWh
de661529-15d0-4960-949d-ac2c736cb5b8,2025-02-12T01:00:00,ENERGYMETER,32927.1,kWh
de661529-15d0-4960-949d-ac2c736cb5b8,2025-02-12T02:00:00,ENERGYMETER,32932.54,kWh
de661529-15d0-4960-949d-ac2c736cb5b8,2025-02-12T03:00:00,ENERGYMETER,32937.94,kWh
de661529-15d0-4960-949d-ac2c736cb5b8,2025-02-12T04:00:00,ENERGYMETER,32943.09,kWh
de661529-15d0-4960-949d-ac2c736cb5b8,2025-02-12T05:00:00,ENERGYMETER,32948.25,kWh
de661529-15d0-4960-949d-ac2c736cb5b8,2025-02-12T06:00:00,ENERGYMETER,32953.43,kWh
de661529-15d0-4960-949d-ac2c736cb5b8,2025-02-12T07:00:00,ENERGYMETER,32958.62,kWh
de661529-15d0-4960-949d-ac2c736cb5b8,2025-02-12T08:00:00,ENERGYMETER,32963.82,kWh
de661529-15d0-4960-949d-ac2c736cb5b8,2025-02-12T09:00:00,ENERGYMETER,32969.4,kWh
de661529-15d0-4960-949d-ac2c736cb5b8,2025-02-12T10:00:00,ENERGYMETER,32971.35,kWh
de661529-15d0-4960-949d-ac2c736cb5b8,2025-02-12T11:00:00,ENERGYMETER,32972.82,kWh
de661529-15d0-4960-949d-ac2c736cb5b8,2025-02-12T12:00:00,ENERGYMETER,32974.63,kWh
de661529-15d0-4960-949d-ac2c736cb5b8,2025-02-12T13:00:00,ENERGYMETER,32975.82,kWh
de661529-15d0-4960-949d-ac2c736cb5b8,2025-02-12T14:00:00,ENERGYMETER,32977.02,kWh
de661529-15d0-4960-949d-ac2c736cb5b8,2025-02-12T15:00:00,ENERGYMETER,32978.2,kWh
de661529-15d0-4960-949d-ac2c736cb5b8,2025-02-12T16:00:00,ENERGYMETER,32979.39,kWh
de661529-15d0-4960-949d-ac2c736cb5b8,2025-02-12T17:00:00,ENERGYMETER,32980.6,kWh
de661529-15d0-4960-949d-ac2c736cb5b8,2025-02-12T18:00:00,ENERGYMETER,32981.78,kWh
de661529-15d0-4960-949d-ac2c736cb5b8,2025-02-12T19:00:00,ENERGYMETER,32982.98,kWh
de661529-15d0-4960-949d-ac2c736cb5b8,2025-02-12T20:00:00,ENERGYMETER,32987.05,kWh
de661529-15d0-4960-949d-ac2c736cb5b8,2025-02-12T21:00:00,ENERGYMETER,32994.14,kWh
de661529-15d0-4960-949d-ac2c736cb5b8,2025-02-12T22:00:00,ENERGYMETER,33000.18,kWh
de661529-15d0-4960-949d-ac2c736cb5b8,2025-02-12T23:00:00,ENERGYMETER,33006.22,kWh
de661529-15d0-4960-949d-ac2c736cb5b8,2025-02-13T00:00:00,ENERGYMETER,33011.82,kWh
de661529-15d0-4960-949d-ac2c736cb5b8,2025-02-13T01:00:00,ENERGYMETER,33016.97,kWh
de661529-15d0-4960-949d-ac2c736cb5b8,2025-02-13T02:00:00,ENERGYMETER,33021.95,kWh
de661529-15d0-4960-949d-ac2c736cb5b8,2025-02-13T03:00:00,ENERGYMETER,33026.89,kWh
de661529-15d0-4960-949d-ac2c736cb5b8,2025-02-13T04:00:00,ENERGYMETER,33031.89,kWh
de661529-15d0-4960-949d-ac2c736cb5b8,2025-02-13T05:00:00,ENERGYMETER,33037.04,kWh
de661529-15d0-4960-949d-ac2c736cb5b8,2025-02-13T06:00:00,ENERGYMETER,33042.14,kWh
de661529-15d0-4960-949d-ac2c736cb5b8,2025-02-13T07:00:00,ENERGYMETER,33047.17,kWh
de661529-15d0-4960-949d-ac2c736cb5b8,2025-02-13T08:00:00,ENERGYMETER,33052.2,kWh
de661529-15d0-4960-949d-ac2c736cb5b8,2025-02-13T09:00:00,ENERGYMETER,33057.62,kWh
de661529-15d0-4960-949d-ac2c736cb5b8,2025-02-13T10:00:00,ENERGYMETER,33059.0,kWh
de661529-15d0-4960-949d-ac2c736cb5b8,2025-02-13T11:00:00,ENERGYMETER,33060.2,kWh
de661529-15d0-4960-949d-ac2c736cb5b8,2025-02-13T12:00:00,ENERGYMETER,33061.39,kWh
de661529-15d0-4960-949d-ac2c736cb5b8,2025-02-13T13:00:00,ENERGYMETER,33062.57,kWh
de661529-15d0-4960-949d-ac2c736cb5b8,2025-02-13T14:00:00,ENERGYMETER,33064.08,kWh
de661529-15d0-4960-949d-ac2c736cb5b8,2025-02-13T15:00:00,ENERGYMETER,33072.46,kWh
de661529-15d0-4960-949d-ac2c736cb5b8,2025-02-13T16:00:00,ENERGYMETER,33090.15,kWh
de661529-15d0-4960-949d-ac2c736cb5b8,2025-02-13T17:00:00,ENERGYMETER,33107.97,kWh
de661529-15d0-4960-949d-ac2c736cb5b8,2025-02-13T18:00:00,ENERGYMETER,33125.83,kWh
de661529-15d0-4960-949d-ac2c736cb5b8,2025-02-13T19:00:00,ENERGYMETER,33145.68,kWh
de661529-15d0-4960-949d-ac2c736cb5b8,2025-02-13T20:00:00,ENERGYMETER,33161.75,kWh
de661529-15d0-4960-949d-ac2c736cb5b8,2025-02-13T21:00:00,ENERGYMETER,33170.19,kWh
de661529-15d0-4960-949d-ac2c736cb5b8,2025-02-13T22:00:00,ENERGYMETER,33178.21,kWh
de661529-15d0-4960-949d-ac2c736cb5b8,2025-02-13T23:00:00,ENERGYMETER,33184.24,kWh
de661529-15d0-4960-949d-ac2c736cb5b8,2025-02-14T00:00:00,ENERGYMETER,33189.78,kWh
de661529-15d0-4960-949d-ac2c736cb5b8,2025-02-14T01:00:00,ENERGYMETER,33194.91,kWh
de661529-15d0-4960-949d-ac2c736cb5b8,2025-02-14T02:00:00,ENERGYMETER,33199.87,kWh
de661529-15d0-4960-949d-ac2c736cb5b8,2025-02-14T03:00:00,ENERGYMETER,33204.76,kWh
de661529-15d0-4960-949d-ac2c736cb5b8,2025-02-14T04:00:00,ENERGYMETER,33209.71,kWh
de661529-15d0-4960-949d-ac2c736cb5b8,2025-02-14T05:00:00,ENERGYMETER,33214.65,kWh
de661529-15d0-4960-949d-ac2c736cb5b8,2025-02-14T06:00:00,ENERGYMETER,33219.61,kWh
de661529-15d0-4960-949d-ac2c736cb5b8,2025-02-14T07:00:00,ENERGYMETER,33224.88,kWh
de661529-15d0-4960-949d-ac2c736cb5b8,2025-02-14T08:00:00,ENERGYMETER,33244.9,kWh
de661529-15d0-4960-949d-ac2c736cb5b8,2025-02-14T09:00:00,ENERGYMETER,33266.77,kWh
de661529-15d0-4960-949d-ac2c736cb5b8,2025-02-14T10:00:00,ENERGYMETER,33284.53,kWh
de661529-15d0-4960-949d-ac2c736cb5b8,2025-02-14T11:00:00,ENERGYMETER,33302.99,kWh
de661529-15d0-4960-949d-ac2c736cb5b8,2025-02-14T12:00:00,ENERGYMETER,33308.62,kWh
de661529-15d0-4960-949d-ac2c736cb5b8,2025-02-14T13:00:00,ENERGYMETER,33311.3,kWh
de661529-15d0-4960-949d-ac2c736cb5b8,2025-02-14T14:00:00,ENERGYMETER,33313.94,kWh
de661529-15d0-4960-949d-ac2c736cb5b8,2025-02-14T15:00:00,ENERGYMETER,33316.44,kWh
de661529-15d0-4960-949d-ac2c736cb5b8,2025-02-14T16:00:00,ENERGYMETER,33318.27,kWh
de661529-15d0-4960-949d-ac2c736cb5b8,2025-02-14T17:00:00,ENERGYMETER,33319.49,kWh
de661529-15d0-4960-949d-ac2c736cb5b8,2025-02-14T18:00:00,ENERGYMETER,33334.52,kWh
de661529-15d0-4960-949d-ac2c736cb5b8,2025-02-14T19:00:00,ENERGYMETER,33345.92,kWh
de661529-15d0-4960-949d-ac2c736cb5b8,2025-02-14T20:00:00,ENERGYMETER,33351.9,kWh
de661529-15d0-4960-949d-ac2c736cb5b8,2025-02-14T21:00:00,ENERGYMETER,33359.95,kWh
de661529-15d0-4960-949d-ac2c736cb5b8,2025-02-14T22:00:00,ENERGYMETER,33366.91,kWh
de661529-15d0-4960-949d-ac2c736cb5b8,2025-02-14T23:00:00,ENERGYMETER,33372.93,kWh
de661529-15d0-4960-949d-ac2c736cb5b8,2025-02-15T00:00:00,ENERGYMETER,33378.5,kWh
de661529-15d0-4960-949d-ac2c736cb5b8,2025-02-15T01:00:00,ENERGYMETER,33383.9,kWh
de661529-15d0-4960-949d-ac2c736cb5b8,2025-02-15T02:00:00,ENERGYMETER,33388.87,kWh
de661529-15d0-4960-949d-ac2c736cb5b8,2025-02-15T03:00:00,ENERGYMETER,33393.78,kWh
de661529-15d0-4960-949d-ac2c736cb5b8,2025-02-15T04:00:00,ENERGYMETER,33398.74,kWh
de661529-15d0-4960-949d-ac2c736cb5b8,2025-02-15T05:00:00,ENERGYMETER,33403.7,kWh
de661529-15d0-4960-949d-ac2c736cb5b8,2025-02-15T06:00:00,ENERGYMETER,33408.66,kWh
de661529-15d0-4960-949d-ac2c736cb5b8,2025-02-15T07:00:00,ENERGYMETER,33413.67,kWh
de661529-15d0-4960-949d-ac2c736cb5b8,2025-02-15T08:00:00,ENERGYMETER,33418.67,kWh
de661529-15d0-4960-949d-ac2c736cb5b8,2025-02-15T09:00:00,ENERGYMETER,33424.02,kWh
de661529-15d0-4960-949d-ac2c736cb5b8,2025-02-15T10:00:00,ENERGYMETER,33425.49,kWh
de661529-15d0-4960-949d-ac2c736cb5b8,2025-02-15T11:00:00,ENERGYMETER,33426.65,kWh
de661529-15d0-4960-949d-ac2c736cb5b8,2025-02-15T12:00:00,ENERGYMETER,33427.82,kWh
de661529-15d0-4960-949d-ac2c736cb5b8,2025-02-15T13:00:00,ENERGYMETER,33429.01,kWh
de661529-15d0-4960-949d-ac2c736cb5b8,2025-02-15T14:00:00,ENERGYMETER,33445.61,kWh
de661529-15d0-4960-949d-ac2c736cb5b8,2025-02-15T15:00:00,ENERGYMETER,33463.64,kWh
de661529-15d0-4960-949d-ac2c736cb5b8,2025-02-15T16:00:00,ENERGYMETER,33481.77,kWh
de661529-15d0-4960-949d-ac2c736cb5b8,2025-02-15T17:00:00,ENERGYMETER,33496.69,kWh
de661529-15d0-4960-949d-ac2c736cb5b8,2025-02-15T18:00:00,ENERGYMETER,33513.0,kWh
de661529-15d0-4960-949d-ac2c736cb5b8,2025-02-15T19:00:00,ENERGYMETER,33517.8,kWh
de661529-15d0-4960-949d-ac2c736cb5b8,2025-02-15T20:00:00,ENERGYMETER,33523.25,kWh
de661529-15d0-4960-949d-ac2c736cb5b8,2025-02-15T21:00:00,ENERGYMETER,33537.35,kWh
de661529-15d0-4960-949d-ac2c736cb5b8,2025-02-15T22:00:00,ENERGYMETER,33545.06,kWh
de661529-15d0-4960-949d-ac2c736cb5b8,2025-02-15T23:00:00,ENERGYMETER,33552.19,kWh
de661529-15d0-4960-949d-ac2c736cb5b8,2025-02-16T00:00:00,ENERGYMETER,33557.75,kWh
de661529-15d0-4960-949d-ac2c736cb5b8,2025-02-16T01:00:00,ENERGYMETER,33562.87,kWh
de661529-15d0-4960-949d-ac2c736cb5b8,2025-02-16T02:00:00,ENERGYMETER,33567.83,kWh
de661529-15d0-4960-949d-ac2c736cb5b8,2025-02-16T03:00:00,ENERGYMETER,33572.74,kWh
de661529-15d0-4960-949d-ac2c736cb5b8,2025-02-16T04:00:00,ENERGYMETER,33577.7,kWh
de661529-15d0-4960-949d-ac2c736cb5b8,2025-02-16T05:00:00,ENERGYMETER,33582.92,kWh
de661529-15d0-4960-949d-ac2c736cb5b8,2025-02-16T06:00:00,ENERGYMETER,33587.89,kWh
de661529-15d0-4960-949d-ac2c736cb5b8,2025-02-16T07:00:00,ENERGYMETER,33592.87,kWh
de661529-15d0-4960-949d-ac2c736cb5b8,2025-02-16T08:00:00,ENERGYMETER,33597.85,kWh
de661529-15d0-4960-949d-ac2c736cb5b8,2025-02-16T09:00:00,ENERGYMETER,33603.14,kWh
de661529-15d0-4960-949d-ac2c736cb5b8,2025-02-16T10:00:00,ENERGYMETER,33604.31,kWh
de661529-15d0-4960-949d-ac2c736cb5b8,2025-02-16T11:00:00,ENERGYMETER,33605.47,kWh
de661529-15d0-4960-949d-ac2c736cb5b8,2025-02-16T12:00:00,ENERGYMETER,33606.65,kWh
de661529-15d0-4960-949d-ac2c736cb5b8,2025-02-16T13:00:00,ENERGYMETER,33607.83,kWh
de661529-15d0-4960-949d-ac2c736cb5b8,2025-02-16T14:00:00,ENERGYMETER,33624.69,kWh
de661529-15d0-4960-949d-ac2c736cb5b8,2025-02-16T15:00:00,ENERGYMETER,33642.93,kWh
de661529-15d0-4960-949d-ac2c736cb5b8,2025-02-16T16:00:00,ENERGYMETER,33657.2,kWh
de661529-15d0-4960-949d-ac2c736cb5b8,2025-02-16T17:00:00,ENERGYMETER,33671.15,kWh
de661529-15d0-4960-949d-ac2c736cb5b8,2025-02-16T18:00:00,ENERGYMETER,33686.73,kWh
de661529-15d0-4960-949d-ac2c736cb5b8,2025-02-16T19:00:00,ENERGYMETER,33690.31,kWh
de661529-15d0-4960-949d-ac2c736cb5b8,2025-02-16T20:00:00,ENERGYMETER,33695.72,kWh
de661529-15d0-4960-949d-ac2c736cb5b8,2025-02-16T21:00:00,ENERGYMETER,33705.07,kWh
de661529-15d0-4960-949d-ac2c736cb5b8,2025-02-16T22:00:00,ENERGYMETER,33712.74,kWh
de661529-15d0-4960-949d-ac2c736cb5b8,2025-02-16T23:00:00,ENERGYMETER,33724.55,kWh
de661529-15d0-4960-949d-ac2c736cb5b8,2025-02-17T00:00:00,ENERGYMETER,33730.69,kWh
de661529-15d0-4960-949d-ac2c736cb5b8,2025-02-17T01:00:00,ENERGYMETER,33735.82,kWh
de661529-15d0-4960-949d-ac2c736cb5b8,2025-02-17T02:00:00,ENERGYMETER,33750.6,kWh
de661529-15d0-4960-949d-ac2c736cb5b8,2025-02-17T03:00:00,ENERGYMETER,33745.65,kWh
de661529-15d0-4960-949d-ac2c736cb5b8,2025-02-17T04:00:00,ENERGYMETER,33750.6,kWh
de661529-15d0-4960-949d-ac2c736cb5b8,2025-02-17T05:00:00,ENERGYMETER,33755.56,kWh
de661529-15d0-4960-949d-ac2c736cb5b8,2025-02-17T06:00:00,ENERGYMETER,33760.5,kWh
de661529-15d0-4960-949d-ac2c736cb5b8,2025-02-17T07:00:00,ENERGYMETER,33765.46,kWh
de661529-15d0-4960-949d-ac2c736cb5b8,2025-02-17T08:00:00,ENERGYMETER,33770.72,kWh
de661529-15d0-4960-949d-ac2c736cb5b8,2025-02-17T09:00:00,ENERGYMETER,33775.82,kWh
de661529-15d0-4960-949d-ac2c736cb5b8,2025-02-17T10:00:00,ENERGYMETER,33776.99,kWh
de661529-15d0-4960-949d-ac2c736cb5b8,2025-02-17T11:00:00,ENERGYMETER,33779.98,kWh
de661529-15d0-4960-949d-ac2c736cb5b8,2025-02-17T12:00:00,ENERGYMETER,33782.8,kWh
de661529-15d0-4960-949d-ac2c736cb5b8,2025-02-17T13:00:00,ENERGYMETER,33784.0,kWh
de661529-15d0-4960-949d-ac2c736cb5b8,2025-02-17T14:00:00,ENERGYMETER,33785.2,kWh
de661529-15d0-4960-949d-ac2c736cb5b8,2025-02-17T15:00:00,ENERGYMETER,33786.39,kWh
de661529-15d0-4960-949d-ac2c736cb5b8,2025-02-17T16:00:00,ENERGYMETER,33787.59,kWh
de661529-15d0-4960-949d-ac2c736cb5b8,2025-02-17T17:00:00,ENERGYMETER,33789.05,kWh
de661529-15d0-4960-949d-ac2c736cb5b8,2025-02-17T18:00:00,ENERGYMETER,33790.24,kWh
de661529-15d0-4960-949d-ac2c736cb5b8,2025-02-17T19:00:00,ENERGYMETER,33791.44,kWh
de661529-15d0-4960-949d-ac2c736cb5b8,2025-02-17T20:00:00,ENERGYMETER,33794.8,kWh
de661529-15d0-4960-949d-ac2c736cb5b8,2025-02-17T21:00:00,ENERGYMETER,33800.85,kWh
de661529-15d0-4960-949d-ac2c736cb5b8,2025-02-17T22:00:00,ENERGYMETER,33806.91,kWh
de661529-15d0-4960-949d-ac2c736cb5b8,2025-02-17T23:00:00,ENERGYMETER,33812.96,kWh
de661529-15d0-4960-949d-ac2c736cb5b8,2025-02-18T00:00:00,ENERGYMETER,33818.55,kWh
de661529-15d0-4960-949d-ac2c736cb5b8,2025-02-18T01:00:00,ENERGYMETER,33823.71,kWh
de661529-15d0-4960-949d-ac2c736cb5b8,2025-02-18T07:00:00,ENERGYMETER,33828.78,kWh
de661529-15d0-4960-949d-ac2c736cb5b8,2025-02-18T08:00:00,ENERGYMETER,33829.98,kWh
de661529-15d0-4960-949d-ac2c736cb5b8,2025-02-18T09:00:00,ENERGYMETER,33828.78,kWh
de661529-15d0-4960-949d-ac2c736cb5b8,2025-02-18T10:00:00,ENERGYMETER,33829.98,kWh
de661529-15d0-4960-949d-ac2c736cb5b8,2025-02-18T11:00:00,ENERGYMETER,33831.17,kWh
de661529-15d0-4960-949d-ac2c736cb5b8,2025-02-18T12:00:00,ENERGYMETER,33832.63,kWh
de661529-15d0-4960-949d-ac2c736cb5b8,2025-02-18T13:00:00,ENERGYMETER,33833.83,kWh
de661529-15d0-4960-949d-ac2c736cb5b8,2025-02-18T14:00:00,ENERGYMETER,33835.02,kWh
de661529-15d0-4960-949d-ac2c736cb5b8,2025-02-18T15:00:00,ENERGYMETER,33836.21,kWh
de661529-15d0-4960-949d-ac2c736cb5b8,2025-02-18T16:00:00,ENERGYMETER,33837.41,kWh
de661529-15d0-4960-949d-ac2c736cb5b8,2025-02-18T17:00:00,ENERGYMETER,33838.59,kWh
de661529-15d0-4960-949d-ac2c736cb5b8,2025-02-18T18:00:00,ENERGYMETER,33839.78,kWh
de661529-15d0-4960-949d-ac2c736cb5b8,2025-02-18T19:00:00,ENERGYMETER,33841.01,kWh
de661529-15d0-4960-949d-ac2c736cb5b8,2025-02-18T20:00:00,ENERGYMETER,33859.43,kWh
de661529-15d0-4960-949d-ac2c736cb5b8,2025-02-18T21:00:00,ENERGYMETER,33882.67,kWh
de661529-15d0-4960-949d-ac2c736cb5b8,2025-02-18T22:00:00,ENERGYMETER,33898.29,kWh
de661529-15d0-4960-949d-ac2c736cb5b8,2025-02-18T23:00:00,ENERGYMETER,33904.55,kWh
de661529-15d0-4960-949d-ac2c736cb5b8,2025-02-19T00:00:00,ENERGYMETER,33910.1,kWh
de661529-15d0-4960-949d-ac2c736cb5b8,2025-02-19T01:00:00,ENERGYMETER,33915.23,kWh
de661529-15d0-4960-949d-ac2c736cb5b8,2025-02-19T02:00:00,ENERGYMETER,33920.17,kWh
de661529-15d0-4960-949d-ac2c736cb5b8,2025-02-19T03:00:00,ENERGYMETER,33925.06,kWh
de661529-15d0-4960-949d-ac2c736cb5b8,2025-02-19T04:00:00,ENERGYMETER,33930.01,kWh
de661529-15d0-4960-949d-ac2c736cb5b8,2025-02-19T05:00:00,ENERGYMETER,33934.97,kWh
de661529-15d0-4960-949d-ac2c736cb5b8,2025-02-19T06:00:00,ENERGYMETER,33940.14,kWh
de661529-15d0-4960-949d-ac2c736cb5b8,2025-02-19T07:00:00,ENERGYMETER,33945.17,kWh
de661529-15d0-4960-949d-ac2c736cb5b8,2025-02-19T08:00:00,ENERGYMETER,33950.16,kWh
de661529-15d0-4960-949d-ac2c736cb5b8,2025-02-19T09:00:00,ENERGYMETER,33955.06,kWh
de661529-15d0-4960-949d-ac2c736cb5b8,2025-02-19T10:00:00,ENERGYMETER,33956.23,kWh
de661529-15d0-4960-949d-ac2c736cb5b8,2025-02-19T11:00:00,ENERGYMETER,33957.41,kWh
de661529-15d0-4960-949d-ac2c736cb5b8,2025-02-19T12:00:00,ENERGYMETER,33958.57,kWh
de661529-15d0-4960-949d-ac2c736cb5b8,2025-02-19T13:00:00,ENERGYMETER,33959.73,kWh
de661529-15d0-4960-949d-ac2c736cb5b8,2025-02-19T14:00:00,ENERGYMETER,33960.91,kWh
de661529-15d0-4960-949d-ac2c736cb5b8,2025-02-19T15:00:00,ENERGYMETER,33962.07,kWh
de661529-15d0-4960-949d-ac2c736cb5b8,2025-02-19T16:00:00,ENERGYMETER,33963.51,kWh
de661529-15d0-4960-949d-ac2c736cb5b8,2025-02-19T17:00:00,ENERGYMETER,33964.69,kWh
de661529-15d0-4960-949d-ac2c736cb5b8,2025-02-19T18:00:00,ENERGYMETER,33965.85,kWh
de661529-15d0-4960-949d-ac2c736cb5b8,2025-02-19T19:00:00,ENERGYMETER,33967.01,kWh
de661529-15d0-4960-949d-ac2c736cb5b8,2025-02-19T20:00:00,ENERGYMETER,33970.11,kWh
de661529-15d0-4960-949d-ac2c736cb5b8,2025-02-19T21:00:00,ENERGYMETER,33976.12,kWh
de661529-15d0-4960-949d-ac2c736cb5b8,2025-02-19T22:00:00,ENERGYMETER,33982.13,kWh
de661529-15d0-4960-949d-ac2c736cb5b8,2025-02-19T23:00:00,ENERGYMETER,33988.24,kWh
de661529-15d0-4960-949d-ac2c736cb5b8,2025-02-20T00:00:00,ENERGYMETER,33993.85,kWh
de661529-15d0-4960-949d-ac2c736cb5b8,2025-02-20T01:00:00,ENERGYMETER,33999.25,kWh
de661529-15d0-4960-949d-ac2c736cb5b8,2025-02-20T02:00:00,ENERGYMETER,34004.21,kWh
de661529-15d0-4960-949d-ac2c736cb5b8,2025-02-20T03:00:00,ENERGYMETER,34009.12,kWh
de661529-15d0-4960-949d-ac2c736cb5b8,2025-02-20T04:00:00,ENERGYMETER,34014.94,kWh
de661529-15d0-4960-949d-ac2c736cb5b8,2025-02-20T05:00:00,ENERGYMETER,34019.89,kWh
de661529-15d0-4960-949d-ac2c736cb5b8,2025-02-20T06:00:00,ENERGYMETER,34024.86,kWh
de661529-15d0-4960-949d-ac2c736cb5b8,2025-02-20T07:00:00,ENERGYMETER,34029.84,kWh
de661529-15d0-4960-949d-ac2c736cb5b8,2025-02-20T08:00:00,ENERGYMETER,34034.83,kWh
de661529-15d0-4960-949d-ac2c736cb5b8,2025-02-20T09:00:00,ENERGYMETER,34039.66,kWh
de661529-15d0-4960-949d-ac2c736cb5b8,2025-02-20T10:00:00,ENERGYMETER,34041.02,kWh
de661529-15d0-4960-949d-ac2c736cb5b8,2025-02-20T11:00:00,ENERGYMETER,34042.25,kWh
de661529-15d0-4960-949d-ac2c736cb5b8,2025-02-20T12:00:00,ENERGYMETER,34044.44,kWh
de661529-15d0-4960-949d-ac2c736cb5b8,2025-02-20T13:00:00,ENERGYMETER,34045.68,kWh
de661529-15d0-4960-949d-ac2c736cb5b8,2025-02-20T14:00:00,ENERGYMETER,34046.85,kWh
de661529-15d0-4960-949d-ac2c736cb5b8,2025-02-20T15:00:00,ENERGYMETER,34048.02,kWh
de661529-15d0-4960-949d-ac2c736cb5b8,2025-02-20T16:00:00,ENERGYMETER,34049.2,kWh
de661529-15d0-4960-949d-ac2c736cb5b8,2025-02-20T17:00:00,ENERGYMETER,34050.37,kWh
de661529-15d0-4960-949d-ac2c736cb5b8,2025-02-20T18:00:00,ENERGYMETER,34051.55,kWh
de661529-15d0-4960-949d-ac2c736cb5b8,2025-02-20T19:00:00,ENERGYMETER,34052.73,kWh
de661529-15d0-4960-949d-ac2c736cb5b8,2025-02-20T20:00:00,ENERGYMETER,34056.05,kWh
de661529-15d0-4960-949d-ac2c736cb5b8,2025-02-20T21:00:00,ENERGYMETER,34062.08,kWh
de661529-15d0-4960-949d-ac2c736cb5b8,2025-02-20T22:00:00,ENERGYMETER,34068.15,kWh
de661529-15d0-4960-949d-ac2c736cb5b8,2025-02-20T23:00:00,ENERGYMETER,34074.16,kWh
de661529-15d0-4960-949d-ac2c736cb5b8,2025-02-21T00:00:00,ENERGYMETER,34079.72,kWh
de661529-15d0-4960-949d-ac2c736cb5b8,2025-02-21T01:00:00,ENERGYMETER,34084.88,kWh
de661529-15d0-4960-949d-ac2c736cb5b8,2025-02-21T02:00:00,ENERGYMETER,34089.93,kWh
de661529-15d0-4960-949d-ac2c736cb5b8,2025-02-21T03:00:00,ENERGYMETER,34094.84,kWh
de661529-15d0-4960-949d-ac2c736cb5b8,2025-02-21T04:00:00,ENERGYMETER,34099.82,kWh
de661529-15d0-4960-949d-ac2c736cb5b8,2025-02-21T05:00:00,ENERGYMETER,34105.07,kWh
de661529-15d0-4960-949d-ac2c736cb5b8,2025-02-21T06:00:00,ENERGYMETER,34110.04,kWh
de661529-15d0-4960-949d-ac2c736cb5b8,2025-02-21T07:00:00,ENERGYMETER,34115.04,kWh
de661529-15d0-4960-949d-ac2c736cb5b8,2025-02-21T08:00:00,ENERGYMETER,34120.05,kWh
de661529-15d0-4960-949d-ac2c736cb5b8,2025-02-21T09:00:00,ENERGYMETER,34124.74,kWh
de661529-15d0-4960-949d-ac2c736cb5b8,2025-02-21T10:00:00,ENERGYMETER,34125.91,kWh
de661529-15d0-4960-949d-ac2c736cb5b8,2025-02-21T11:00:00,ENERGYMETER,34127.16,kWh
de661529-15d0-4960-949d-ac2c736cb5b8,2025-02-21T12:00:00,ENERGYMETER,34129.46,kWh
de661529-15d0-4960-949d-ac2c736cb5b8,2025-02-21T13:00:00,ENERGYMETER,34131.11,kWh
de661529-15d0-4960-949d-ac2c736cb5b8,2025-02-21T14:00:00,ENERGYMETER,34132.63,kWh
de661529-15d0-4960-949d-ac2c736cb5b8,2025-02-21T15:00:00,ENERGYMETER,34137.15,kWh
de661529-15d0-4960-949d-ac2c736cb5b8,2025-02-21T16:00:00,ENERGYMETER,34138.31,kWh
de661529-15d0-4960-949d-ac2c736cb5b8,2025-02-21T17:00:00,ENERGYMETER,34139.49,kWh
de661529-15d0-4960-949d-ac2c736cb5b8,2025-02-21T18:00:00,ENERGYMETER,34140.67,kWh
de661529-15d0-4960-949d-ac2c736cb5b8,2025-02-21T19:00:00,ENERGYMETER,34141.87,kWh
de661529-15d0-4960-949d-ac2c736cb5b8,2025-02-21T20:00:00,ENERGYMETER,34159.97,kWh
de661529-15d0-4960-949d-ac2c736cb5b8,2025-02-21T21:00:00,ENERGYMETER,34183.09,kWh
de661529-15d0-4960-949d-ac2c736cb5b8,2025-02-21T22:00:00,ENERGYMETER,34198.71,kWh
de661529-15d0-4960-949d-ac2c736cb5b8,2025-02-21T23:00:00,ENERGYMETER,34205.07,kWh
de661529-15d0-4960-949d-ac2c736cb5b8,2025-02-22T00:00:00,ENERGYMETER,34210.69,kWh
de661529-15d0-4960-949d-ac2c736cb5b8,2025-02-22T01:00:00,ENERGYMETER,34215.81,kWh
de661529-15d0-4960-949d-ac2c736cb5b8,2025-02-22T02:00:00,ENERGYMETER,34220.78,kWh
de661529-15d0-4960-949d-ac2c736cb5b8,2025-02-22T03:00:00,ENERGYMETER,34225.78,kWh
de661529-15d0-4960-949d-ac2c736cb5b8,2025-02-22T04:00:00,ENERGYMETER,34230.76,kWh
de661529-15d0-4960-949d-ac2c736cb5b8,2025-02-22T05:00:00,ENERGYMETER,34235.75,kWh
de661529-15d0-4960-949d-ac2c736cb5b8,2025-02-22T06:00:00,ENERGYMETER,34240.73,kWh
de661529-15d0-4960-949d-ac2c736cb5b8,2025-02-22T07:00:00,ENERGYMETER,34245.74,kWh
de661529-15d0-4960-949d-ac2c736cb5b8,2025-02-22T08:00:00,ENERGYMETER,34250.75,kWh
de661529-15d0-4960-949d-ac2c736cb5b8,2025-02-22T09:00:00,ENERGYMETER,34255.65,kWh
de661529-15d0-4960-949d-ac2c736cb5b8,2025-02-22T10:00:00,ENERGYMETER,34256.83,kWh
de661529-15d0-4960-949d-ac2c736cb5b8,2025-02-22T11:00:00,ENERGYMETER,34258.0,kWh
de661529-15d0-4960-949d-ac2c736cb5b8,2025-02-22T12:00:00,ENERGYMETER,34259.17,kWh
de661529-15d0-4960-949d-ac2c736cb5b8,2025-02-22T13:00:00,ENERGYMETER,34260.35,kWh
de661529-15d0-4960-949d-ac2c736cb5b8,2025-02-22T14:00:00,ENERGYMETER,34261.52,kWh
de661529-15d0-4960-949d-ac2c736cb5b8,2025-02-22T15:00:00,ENERGYMETER,34262.69,kWh
de661529-15d0-4960-949d-ac2c736cb5b8,2025-02-22T16:00:00,ENERGYMETER,34263.91,kWh
de661529-15d0-4960-949d-ac2c736cb5b8,2025-02-22T17:00:00,ENERGYMETER,34280.38,kWh
de661529-15d0-4960-949d-ac2c736cb5b8,2025-02-22T18:00:00,ENERGYMETER,34298.51,kWh
de661529-15d0-4960-949d-ac2c736cb5b8,2025-02-22T19:00:00,ENERGYMETER,34300.65,kWh
de661529-15d0-4960-949d-ac2c736cb5b8,2025-02-22T20:00:00,ENERGYMETER,34303.42,kWh
de661529-15d0-4960-949d-ac2c736cb5b8,2025-02-22T21:00:00,ENERGYMETER,34309.47,kWh
de661529-15d0-4960-949d-ac2c736cb5b8,2025-02-22T22:00:00,ENERGYMETER,34315.52,kWh
de661529-15d0-4960-949d-ac2c736cb5b8,2025-02-22T23:00:00,ENERGYMETER,34321.56,kWh
de661529-15d0-4960-949d-ac2c736cb5b8,2025-02-23T00:00:00,ENERGYMETER,34327.13,kWh
de661529-15d0-4960-949d-ac2c736cb5b8,2025-02-23T01:00:00,ENERGYMETER,34332.3,kWh
de661529-15d0-4960-949d-ac2c736cb5b8,2025-02-23T02:00:00,ENERGYMETER,34337.27,kWh
de661529-15d0-4960-949d-ac2c736cb5b8,2025-02-23T03:00:00,ENERGYMETER,34342.39,kWh
de661529-15d0-4960-949d-ac2c736cb5b8,2025-02-23T04:00:00,ENERGYMETER,34347.5,kWh
de661529-15d0-4960-949d-ac2c736cb5b8,2025-02-23T05:00:00,ENERGYMETER,34352.48,kWh
de661529-15d0-4960-949d-ac2c736cb5b8,2025-02-23T06:00:00,ENERGYMETER,34357.47,kWh
de661529-15d0-4960-949d-ac2c736cb5b8,2025-02-23T07:00:00,ENERGYMETER,34362.47,kWh
de661529-15d0-4960-949d-ac2c736cb5b8,2025-02-23T08:00:00,ENERGYMETER,34367.49,kWh
de661529-15d0-4960-949d-ac2c736cb5b8,2025-02-23T09:00:00,ENERGYMETER,34371.97,kWh
de661529-15d0-4960-949d-ac2c736cb5b8,2025-02-23T10:00:00,ENERGYMETER,34373.14,kWh
de661529-15d0-4960-949d-ac2c736cb5b8,2025-02-23T11:00:00,ENERGYMETER,34374.32,kWh
de661529-15d0-4960-949d-ac2c736cb5b8,2025-02-23T12:00:00,ENERGYMETER,34375.49,kWh
de661529-15d0-4960-949d-ac2c736cb5b8,2025-02-23T13:00:00,ENERGYMETER,34376.92,kWh
de661529-15d0-4960-949d-ac2c736cb5b8,2025-02-23T14:00:00,ENERGYMETER,34378.1,kWh
de661529-15d0-4960-949d-ac2c736cb5b8,2025-02-23T15:00:00,ENERGYMETER,34379.28,kWh
de661529-15d0-4960-949d-ac2c736cb5b8,2025-02-23T16:00:00,ENERGYMETER,34380.49,kWh
de661529-15d0-4960-949d-ac2c736cb5b8,2025-02-23T17:00:00,ENERGYMETER,34397.14,kWh
de661529-15d0-4960-949d-ac2c736cb5b8,2025-02-23T18:00:00,ENERGYMETER,34415.27,kWh
de661529-15d0-4960-949d-ac2c736cb5b8,2025-02-23T19:00:00,ENERGYMETER,34417.14,kWh
de661529-15d0-4960-949d-ac2c736cb5b8,2025-02-23T20:00:00,ENERGYMETER,34419.81,kWh
de661529-15d0-4960-949d-ac2c736cb5b8,2025-02-23T21:00:00,ENERGYMETER,34425.87,kWh
de661529-15d0-4960-949d-ac2c736cb5b8,2025-02-23T22:00:00,ENERGYMETER,34432.15,kWh
de661529-15d0-4960-949d-ac2c736cb5b8,2025-02-23T23:00:00,ENERGYMETER,34438.19,kWh
de661529-15d0-4960-949d-ac2c736cb5b8,2025-02-24T00:00:00,ENERGYMETER,34443.76,kWh
de661529-15d0-4960-949d-ac2c736cb5b8,2025-02-24T01:00:00,ENERGYMETER,34448.88,kWh
de661529-15d0-4960-949d-ac2c736cb5b8,2025-02-24T02:00:00,ENERGYMETER,34463.73,kWh
de661529-15d0-4960-949d-ac2c736cb5b8,2025-02-24T03:00:00,ENERGYMETER,34468.7,kWh
de661529-15d0-4960-949d-ac2c736cb5b8,2025-02-24T04:00:00,ENERGYMETER,34473.68,kWh
de661529-15d0-4960-949d-ac2c736cb5b8,2025-02-24T05:00:00,ENERGYMETER,34478.95,kWh
de661529-15d0-4960-949d-ac2c736cb5b8,2025-02-24T06:00:00,ENERGYMETER,34483.96,kWh
de661529-15d0-4960-949d-ac2c736cb5b8,2025-02-24T07:00:00,ENERGYMETER,34488.35,kWh
de661529-15d0-4960-949d-ac2c736cb5b8,2025-02-24T08:00:00,ENERGYMETER,34489.52,kWh
de661529-15d0-4960-949d-ac2c736cb5b8,2025-02-24T09:00:00,ENERGYMETER,34490.71,kWh
de661529-15d0-4960-949d-ac2c736cb5b8,2025-02-24T10:00:00,ENERGYMETER,34491.88,kWh
de661529-15d0-4960-949d-ac2c736cb5b8,2025-02-24T11:00:00,ENERGYMETER,34493.87,kWh
de661529-15d0-4960-949d-ac2c736cb5b8,2025-02-24T12:00:00,ENERGYMETER,34495.05,kWh
de661529-15d0-4960-949d-ac2c736cb5b8,2025-02-24T13:00:00,ENERGYMETER,34496.23,kWh
de661529-15d0-4960-949d-ac2c736cb5b8,2025-02-24T14:00:00,ENERGYMETER,34497.67,kWh
de661529-15d0-4960-949d-ac2c736cb5b8,2025-02-24T15:00:00,ENERGYMETER,34498.84,kWh
de661529-15d0-4960-949d-ac2c736cb5b8,2025-02-24T16:00:00,ENERGYMETER,34500.02,kWh
de661529-15d0-4960-949d-ac2c736cb5b8,2025-02-24T17:00:00,ENERGYMETER,34502.04,kWh
de661529-15d0-4960-949d-ac2c736cb5b8,2025-02-24T18:00:00,ENERGYMETER,34504.65,kWh
de661529-15d0-4960-949d-ac2c736cb5b8,2025-02-24T19:00:00,ENERGYMETER,34510.77,kWh
de661529-15d0-4960-949d-ac2c736cb5b8,2025-02-24T20:00:00,ENERGYMETER,34516.84,kWh
de661529-15d0-4960-949d-ac2c736cb5b8,2025-02-24T21:00:00,ENERGYMETER,34522.89,kWh
de661529-15d0-4960-949d-ac2c736cb5b8,2025-02-24T22:00:00,ENERGYMETER,34528.47,kWh
de661529-15d0-4960-949d-ac2c736cb5b8,2025-02-24T23:00:00,ENERGYMETER,34533.88,kWh
de661529-15d0-4960-949d-ac2c736cb5b8,2025-02-25T00:00:00,ENERGYMETER,34538.87,kWh
de661529-15d0-4960-949d-ac2c736cb5b8,2025-02-25T01:00:00,ENERGYMETER,34543.85,kWh
de661529-15d0-4960-949d-ac2c736cb5b8,2025-02-25T02:00:00,ENERGYMETER,34548.87,kWh
de661529-15d0-4960-949d-ac2c736cb5b8,2025-02-25T03:00:00,ENERGYMETER,34553.87,kWh
de661529-15d0-4960-949d-ac2c736cb5b8,2025-02-25T04:00:00,ENERGYMETER,34558.85,kWh
de661529-15d0-4960-949d-ac2c736cb5b8,2025-02-25T05:00:00,ENERGYMETER,34563.89,kWh
de661529-15d0-4960-949d-ac2c736cb5b8,2025-02-25T06:00:00,ENERGYMETER,34568.91,kWh
de661529-15d0-4960-949d-ac2c736cb5b8,2025-02-25T07:00:00,ENERGYMETER,34573.18,kWh
de661529-15d0-4960-949d-ac2c736cb5b8,2025-02-25T08:00:00,ENERGYMETER,34574.64,kWh
de661529-15d0-4960-949d-ac2c736cb5b8,2025-02-25T09:00:00,ENERGYMETER,34575.81,kWh
de661529-15d0-4960-949d-ac2c736cb5b8,2025-02-25T10:00:00,ENERGYMETER,34576.98,kWh
de661529-15d0-4960-949d-ac2c736cb5b8,2025-02-25T11:00:00,ENERGYMETER,34578.16,kWh
de661529-15d0-4960-949d-ac2c736cb5b8,2025-02-25T12:00:00,ENERGYMETER,34579.34,kWh
de661529-15d0-4960-949d-ac2c736cb5b8,2025-02-25T13:00:00,ENERGYMETER,34580.53,kWh
de661529-15d0-4960-949d-ac2c736cb5b8,2025-02-25T14:00:00,ENERGYMETER,34581.7,kWh
de661529-15d0-4960-949d-ac2c736cb5b8,2025-02-25T15:00:00,ENERGYMETER,34582.87,kWh
de661529-15d0-4960-949d-ac2c736cb5b8,2025-02-25T16:00:00,ENERGYMETER,34584.06,kWh
de661529-15d0-4960-949d-ac2c736cb5b8,2025-02-25T17:00:00,ENERGYMETER,34585.53,kWh
de661529-15d0-4960-949d-ac2c736cb5b8,2025-02-25T18:00:00,ENERGYMETER,34603.85,kWh
de661529-15d0-4960-949d-ac2c736cb5b8,2025-02-25T19:00:00,ENERGYMETER,34626.55,kWh
de661529-15d0-4960-949d-ac2c736cb5b8,2025-02-25T20:00:00,ENERGYMETER,34642.49,kWh
de661529-15d0-4960-949d-ac2c736cb5b8,2025-02-25T21:00:00,ENERGYMETER,34648.86,kWh
de661529-15d0-4960-949d-ac2c736cb5b8,2025-02-25T22:00:00,ENERGYMETER,34654.48,kWh
de661529-15d0-4960-949d-ac2c736cb5b8,2025-02-25T23:00:00,ENERGYMETER,34659.63,kWh
de661529-15d0-4960-949d-ac2c736cb5b8,2025-02-26T00:00:00,ENERGYMETER,34664.63,kWh
de661529-15d0-4960-949d-ac2c736cb5b8,2025-02-26T01:00:00,ENERGYMETER,34669.62,kWh
de661529-15d0-4960-949d-ac2c736cb5b8,2025-02-26T02:00:00,ENERGYMETER,34674.78,kWh
de661529-15d0-4960-949d-ac2c736cb5b8,2025-02-26T03:00:00,ENERGYMETER,34679.89,kWh
de661529-15d0-4960-949d-ac2c736cb5b8,2025-02-26T04:00:00,ENERGYMETER,34684.87,kWh
de661529-15d0-4960-949d-ac2c736cb5b8,2025-02-26T05:00:00,ENERGYMETER,34689.88,kWh
de661529-15d0-4960-949d-ac2c736cb5b8,2025-02-26T06:00:00,ENERGYMETER,34694.9,kWh
de661529-15d0-4960-949d-ac2c736cb5b8,2025-02-26T07:00:00,ENERGYMETER,34699.07,kWh
de661529-15d0-4960-949d-ac2c736cb5b8,2025-02-26T08:00:00,ENERGYMETER,34700.25,kWh
de661529-15d0-4960-949d-ac2c736cb5b8,2025-02-26T09:00:00,ENERGYMETER,34701.42,kWh
de661529-15d0-4960-949d-ac2c736cb5b8,2025-02-26T10:00:00,ENERGYMETER,34702.59,kWh
de661529-15d0-4960-949d-ac2c736cb5b8,2025-02-26T11:00:00,ENERGYMETER,34704.04,kWh
de661529-15d0-4960-949d-ac2c736cb5b8,2025-02-26T12:00:00,ENERGYMETER,34705.22,kWh
de661529-15d0-4960-949d-ac2c736cb5b8,2025-02-26T13:00:00,ENERGYMETER,34706.4,kWh
de661529-15d0-4960-949d-ac2c736cb5b8,2025-02-26T14:00:00,ENERGYMETER,34707.58,kWh
de661529-15d0-4960-949d-ac2c736cb5b8,2025-02-26T15:00:00,ENERGYMETER,34708.75,kWh
de661529-15d0-4960-949d-ac2c736cb5b8,2025-02-26T16:00:00,ENERGYMETER,34709.93,kWh
de661529-15d0-4960-949d-ac2c736cb5b8,2025-02-26T17:00:00,ENERGYMETER,34711.1,kWh
de661529-15d0-4960-949d-ac2c736cb5b8,2025-02-26T18:00:00,ENERGYMETER,34713.48,kWh
de661529-15d0-4960-949d-ac2c736cb5b8,2025-02-26T19:00:00,ENERGYMETER,34719.61,kWh
de661529-15d0-4960-949d-ac2c736cb5b8,2025-02-26T20:00:00,ENERGYMETER,34725.72,kWh
de661529-15d0-4960-949d-ac2c736cb5b8,2025-02-26T21:00:00,ENERGYMETER,34732.09,kWh
de661529-15d0-4960-949d-ac2c736cb5b8,2025-02-26T22:00:00,ENERGYMETER,34738.44,kWh
de661529-15d0-4960-949d-ac2c736cb5b8,2025-02-26T23:00:00,ENERGYMETER,34743.73,kWh
de661529-15d0-4960-949d-ac2c736cb5b8,2025-02-27T01:00:00,ENERGYMETER,34753.65,kWh
de661529-15d0-4960-949d-ac2c736cb5b8,2025-02-27T02:00:00,ENERGYMETER,34758.62,kWh
de661529-15d0-4960-949d-ac2c736cb5b8,2025-02-27T03:00:00,ENERGYMETER,34763.61,kWh
de661529-15d0-4960-949d-ac2c736cb5b8,2025-02-27T04:00:00,ENERGYMETER,34768.6,kWh
de661529-15d0-4960-949d-ac2c736cb5b8,2025-02-27T05:00:00,ENERGYMETER,34773.61,kWh
de661529-15d0-4960-949d-ac2c736cb5b8,2025-02-27T06:00:00,ENERGYMETER,34778.9,kWh
de661529-15d0-4960-949d-ac2c736cb5b8,2025-02-27T07:00:00,ENERGYMETER,34782.94,kWh
de661529-15d0-4960-949d-ac2c736cb5b8,2025-02-27T08:00:00,ENERGYMETER,34784.11,kWh
de661529-15d0-4960-949d-ac2c736cb5b8,2025-02-27T09:00:00,ENERGYMETER,34785.35,kWh
de661529-15d0-4960-949d-ac2c736cb5b8,2025-02-27T10:00:00,ENERGYMETER,34786.56,kWh
de661529-15d0-4960-949d-ac2c736cb5b8,2025-02-27T11:00:00,ENERGYMETER,34787.74,kWh
de661529-15d0-4960-949d-ac2c736cb5b8,2025-02-27T12:00:00,ENERGYMETER,34788.91,kWh
de661529-15d0-4960-949d-ac2c736cb5b8,2025-02-27T13:00:00,ENERGYMETER,34790.08,kWh
de661529-15d0-4960-949d-ac2c736cb5b8,2025-02-27T14:00:00,ENERGYMETER,34791.26,kWh
de661529-15d0-4960-949d-ac2c736cb5b8,2025-02-27T15:00:00,ENERGYMETER,34792.71,kWh
de661529-15d0-4960-949d-ac2c736cb5b8,2025-02-27T16:00:00,ENERGYMETER,34793.89,kWh
de661529-15d0-4960-949d-ac2c736cb5b8,2025-02-27T17:00:00,ENERGYMETER,34795.06,kWh
de661529-15d0-4960-949d-ac2c736cb5b8,2025-02-27T18:00:00,ENERGYMETER,34797.35,kWh
de661529-15d0-4960-949d-ac2c736cb5b8,2025-02-27T19:00:00,ENERGYMETER,34803.47,kWh
de661529-15d0-4960-949d-ac2c736cb5b8,2025-02-27T20:00:00,ENERGYMETER,34809.57,kWh
de661529-15d0-4960-949d-ac2c736cb5b8,2025-02-27T21:00:00,ENERGYMETER,34815.66,kWh
de661529-15d0-4960-949d-ac2c736cb5b8,2025-02-27T22:00:00,ENERGYMETER,34822.14,kWh
de661529-15d0-4960-949d-ac2c736cb5b8,2025-02-27T23:00:00,ENERGYMETER,34827.29,kWh
de661529-15d0-4960-949d-ac2c736cb5b8,2025-02-28T00:00:00,ENERGYMETER,34832.55,kWh
de661529-15d0-4960-949d-ac2c736cb5b8,2025-02-28T01:00:00,ENERGYMETER,34837.49,kWh
de661529-15d0-4960-949d-ac2c736cb5b8,2025-02-28T02:00:00,ENERGYMETER,34842.47,kWh
de661529-15d0-4960-949d-ac2c736cb5b8,2025-02-28T03:00:00,ENERGYMETER,34847.47,kWh
de661529-15d0-4960-949d-ac2c736cb5b8,2025-02-28T04:00:00,ENERGYMETER,34852.46,kWh
de661529-15d0-4960-949d-ac2c736cb5b8,2025-02-28T05:00:00,ENERGYMETER,34857.47,kWh
de661529-15d0-4960-949d-ac2c736cb5b8,2025-02-28T06:00:00,ENERGYMETER,34862.51,kWh
de661529-15d0-4960-949d-ac2c736cb5b8,2025-02-28T07:00:00,ENERGYMETER,34866.4,kWh
de661529-15d0-4960-949d-ac2c736cb5b8,2025-02-28T08:00:00,ENERGYMETER,34867.57,kWh
de661529-15d0-4960-949d-ac2c736cb5b8,2025-02-28T09:00:00,ENERGYMETER,34869.0,kWh
de661529-15d0-4960-949d-ac2c736cb5b8,2025-02-28T10:00:00,ENERGYMETER,34870.19,kWh
de661529-15d0-4960-949d-ac2c736cb5b8,2025-02-28T11:00:00,ENERGYMETER,34871.36,kWh
de661529-15d0-4960-949d-ac2c736cb5b8,2025-02-28T12:00:00,ENERGYMETER,34872.53,kWh
de661529-15d0-4960-949d-ac2c736cb5b8,2025-02-28T13:00:00,ENERGYMETER,34873.71,kWh
de661529-15d0-4960-949d-ac2c736cb5b8,2025-02-28T14:00:00,ENERGYMETER,34874.89,kWh
de661529-15d0-4960-949d-ac2c736cb5b8,2025-02-28T15:00:00,ENERGYMETER,34876.06,kWh
de661529-15d0-4960-949d-ac2c736cb5b8,2025-02-28T16:00:00,ENERGYMETER,34877.27,kWh
de661529-15d0-4960-949d-ac2c736cb5b8,2025-02-28T17:00:00,ENERGYMETER,34893.75,kWh
de661529-15d0-4960-949d-ac2c736cb5b8,2025-02-28T18:00:00,ENERGYMETER,34912.54,kWh
de661529-15d0-4960-949d-ac2c736cb5b8,2025-02-28T19:00:00,ENERGYMETER,34935.33,kWh
de661529-15d0-4960-949d-ac2c736cb5b8,2025-02-28T20:00:00,ENERGYMETER,34951.15,kWh
de661529-15d0-4960-949d-ac2c736cb5b8,2025-02-28T21:00:00,ENERGYMETER,34957.34,kWh
de661529-15d0-4960-949d-ac2c736cb5b8,2025-02-28T22:00:00,ENERGYMETER,34962.94,kWh
de661529-15d0-4960-949d-ac2c736cb5b8,2025-02-28T23:00:00,ENERGYMETER,34968.08,kWh
de661529-15d0-4960-949d-ac2c736cb5b8,2025-03-01T00:00:00,ENERGYMETER,34973.08,kWh
de661529-15d0-4960-949d-ac2c736cb5b8,2025-03-01T01:00:00,ENERGYMETER,34978.01,kWh
de661529-15d0-4960-949d-ac2c736cb5b8,2025-03-01T02:00:00,ENERGYMETER,34982.99,kWh
de661529-15d0-4960-949d-ac2c736cb5b8,2025-03-01T03:00:00,ENERGYMETER,34988.25,kWh
de661529-15d0-4960-949d-ac2c736cb5b8,2025-03-01T04:00:00,ENERGYMETER,34993.24,kWh
de661529-15d0-4960-949d-ac2c736cb5b8,2025-03-01T05:00:00,ENERGYMETER,34998.26,kWh
de661529-15d0-4960-949d-ac2c736cb5b8,2025-03-01T06:00:00,ENERGYMETER,35003.3,kWh
de661529-15d0-4960-949d-ac2c736cb5b8,2025-03-01T07:00:00,ENERGYMETER,35007.11,kWh
de661529-15d0-4960-949d-ac2c736cb5b8,2025-03-01T08:00:00,ENERGYMETER,35008.28,kWh
de661529-15d0-4960-949d-ac2c736cb5b8,2025-03-01T09:00:00,ENERGYMETER,35009.46,kWh
de661529-15d0-4960-949d-ac2c736cb5b8,2025-03-01T10:00:00,ENERGYMETER,35010.67,kWh
de661529-15d0-4960-949d-ac2c736cb5b8,2025-03-01T11:00:00,ENERGYMETER,35026.95,kWh
de661529-15d0-4960-949d-ac2c736cb5b8,2025-03-01T12:00:00,ENERGYMETER,35044.67,kWh
de661529-15d0-4960-949d-ac2c736cb5b8,2025-03-01T13:00:00,ENERGYMETER,35062.17,kWh
de661529-15d0-4960-949d-ac2c736cb5b8,2025-03-01T14:00:00,ENERGYMETER,35079.74,kWh
de661529-15d0-4960-949d-ac2c736cb5b8,2025-03-01T15:00:00,ENERGYMETER,35097.4,kWh
de661529-15d0-4960-949d-ac2c736cb5b8,2025-03-01T16:00:00,ENERGYMETER,35116.68,kWh
de661529-15d0-4960-949d-ac2c736cb5b8,2025-03-01T17:00:00,ENERGYMETER,35121.28,kWh
de661529-15d0-4960-949d-ac2c736cb5b8,2025-03-01T18:00:00,ENERGYMETER,35128.68,kWh
de661529-15d0-4960-949d-ac2c736cb5b8,2025-03-01T19:00:00,ENERGYMETER,35145.75,kWh
de661529-15d0-4960-949d-ac2c736cb5b8,2025-03-01T20:00:00,ENERGYMETER,35153.58,kWh
de661529-15d0-4960-949d-ac2c736cb5b8,2025-03-01T21:00:00,ENERGYMETER,35160.45,kWh
de661529-15d0-4960-949d-ac2c736cb5b8,2025-03-01T22:00:00,ENERGYMETER,35166.07,kWh
de661529-15d0-4960-949d-ac2c736cb5b8,2025-03-01T23:00:00,ENERGYMETER,35171.25,kWh
de661529-15d0-4960-949d-ac2c736cb5b8,2025-03-02T00:00:00,ENERGYMETER,35176.25,kWh
de661529-15d0-4960-949d-ac2c736cb5b8,2025-03-02T01:00:00,ENERGYMETER,35181.2,kWh
de661529-15d0-4960-949d-ac2c736cb5b8,2025-03-02T02:00:00,ENERGYMETER,35186.21,kWh
de661529-15d0-4960-949d-ac2c736cb5b8,2025-03-02T03:00:00,ENERGYMETER,35191.22,kWh
de661529-15d0-4960-949d-ac2c736cb5b8,2025-03-02T04:00:00,ENERGYMETER,35196.23,kWh
de661529-15d0-4960-949d-ac2c736cb5b8,2025-03-02T05:00:00,ENERGYMETER,35201.27,kWh
de661529-15d0-4960-949d-ac2c736cb5b8,2025-03-02T06:00:00,ENERGYMETER,35206.59,kWh
de661529-15d0-4960-949d-ac2c736cb5b8,2025-03-02T07:00:00,ENERGYMETER,35210.26,kWh
de661529-15d0-4960-949d-ac2c736cb5b8,2025-03-02T08:00:00,ENERGYMETER,35211.45,kWh
de661529-15d0-4960-949d-ac2c736cb5b8,2025-03-02T09:00:00,ENERGYMETER,35212.62,kWh
de661529-15d0-4960-949d-ac2c736cb5b8,2025-03-02T10:00:00,ENERGYMETER,35213.79,kWh
de661529-15d0-4960-949d-ac2c736cb5b8,2025-03-02T11:00:00,ENERGYMETER,35215.02,kWh
de661529-15d0-4960-949d-ac2c736cb5b8,2025-03-02T12:00:00,ENERGYMETER,35231.25,kWh
de661529-15d0-4960-949d-ac2c736cb5b8,2025-03-02T13:00:00,ENERGYMETER,35248.78,kWh
de661529-15d0-4960-949d-ac2c736cb5b8,2025-03-02T14:00:00,ENERGYMETER,35266.45,kWh
de661529-15d0-4960-949d-ac2c736cb5b8,2025-03-02T15:00:00,ENERGYMETER,35284.45,kWh
de661529-15d0-4960-949d-ac2c736cb5b8,2025-03-02T16:00:00,ENERGYMETER,35303.57,kWh
de661529-15d0-4960-949d-ac2c736cb5b8,2025-03-02T17:00:00,ENERGYMETER,35308.12,kWh
de661529-15d0-4960-949d-ac2c736cb5b8,2025-03-02T18:00:00,ENERGYMETER,35315.67,kWh
de661529-15d0-4960-949d-ac2c736cb5b8,2025-03-02T19:00:00,ENERGYMETER,35332.81,kWh
de661529-15d0-4960-949d-ac2c736cb5b8,2025-03-02T20:00:00,ENERGYMETER,35340.68,kWh
de661529-15d0-4960-949d-ac2c736cb5b8,2025-03-02T21:00:00,ENERGYMETER,35348.76,kWh
de661529-15d0-4960-949d-ac2c736cb5b8,2025-03-02T22:00:00,ENERGYMETER,35355.96,kWh
de661529-15d0-4960-949d-ac2c736cb5b8,2025-03-02T23:00:00,ENERGYMETER,35361.24,kWh
de661529-15d0-4960-949d-ac2c736cb5b8,2025-03-03T23:00:00,ENERGYMETER,35364.33,kWh
de661529-15d0-4960-949d-ac2c736cb5b8,2025-03-07T08:00:00,ENERGYMETER,35365.51,kWh
de661529-15d0-4960-949d-ac2c736cb5b8,2025-03-07T09:00:00,ENERGYMETER,35367.62,kWh
de661529-15d0-4960-949d-ac2c736cb5b8,2025-03-07T10:00:00,ENERGYMETER,35369.11,kWh
de661529-15d0-4960-949d-ac2c736cb5b8,2025-03-07T11:00:00,ENERGYMETER,35370.32,kWh
de661529-15d0-4960-949d-ac2c736cb5b8,2025-03-07T12:00:00,ENERGYMETER,35371.78,kWh
de661529-15d0-4960-949d-ac2c736cb5b8,2025-03-07T13:00:00,ENERGYMETER,35372.99,kWh
de661529-15d0-4960-949d-ac2c736cb5b8,2025-03-07T14:00:00,ENERGYMETER,35374.19,kWh
de661529-15d0-4960-949d-ac2c736cb5b8,2025-03-07T15:00:00,ENERGYMETER,35375.38,kWh
de661529-15d0-4960-949d-ac2c736cb5b8,2025-03-07T16:00:00,ENERGYMETER,35376.6,kWh
de661529-15d0-4960-949d-ac2c736cb5b8,2025-03-07T17:00:00,ENERGYMETER,35377.83,kWh
de661529-15d0-4960-949d-ac2c736cb5b8,2025-03-07T18:00:00,ENERGYMETER,35395.17,kWh
de661529-15d0-4960-949d-ac2c736cb5b8,2025-03-07T19:00:00,ENERGYMETER,35418.4,kWh
de661529-15d0-4960-949d-ac2c736cb5b8,2025-03-07T20:00:00,ENERGYMETER,35434.1,kWh
de661529-15d0-4960-949d-ac2c736cb5b8,2025-03-07T21:00:00,ENERGYMETER,35440.37,kWh
de661529-15d0-4960-949d-ac2c736cb5b8,2025-03-07T22:00:00,ENERGYMETER,35446.23,kWh
de661529-15d0-4960-949d-ac2c736cb5b8,2025-03-07T23:00:00,ENERGYMETER,35451.38,kWh
de661529-15d0-4960-949d-ac2c736cb5b8,2025-03-08T00:00:00,ENERGYMETER,35456.39,kWh
de661529-15d0-4960-949d-ac2c736cb5b8,2025-03-08T01:00:00,ENERGYMETER,35461.34,kWh
de661529-15d0-4960-949d-ac2c736cb5b8,2025-03-08T02:00:00,ENERGYMETER,35466.33,kWh
de661529-15d0-4960-949d-ac2c736cb5b8,2025-03-08T03:00:00,ENERGYMETER,35471.35,kWh
de661529-15d0-4960-949d-ac2c736cb5b8,2025-03-08T04:00:00,ENERGYMETER,35476.34,kWh
de661529-15d0-4960-949d-ac2c736cb5b8,2025-03-08T05:00:00,ENERGYMETER,35481.37,kWh
de661529-15d0-4960-949d-ac2c736cb5b8,2025-03-08T06:00:00,ENERGYMETER,35486.4,kWh
de661529-15d0-4960-949d-ac2c736cb5b8,2025-03-08T07:00:00,ENERGYMETER,35489.63,kWh
de661529-15d0-4960-949d-ac2c736cb5b8,2025-03-08T08:00:00,ENERGYMETER,35490.82,kWh
de661529-15d0-4960-949d-ac2c736cb5b8,2025-03-08T09:00:00,ENERGYMETER,35492.03,kWh
de661529-15d0-4960-949d-ac2c736cb5b8,2025-03-08T10:00:00,ENERGYMETER,35493.24,kWh
de661529-15d0-4960-949d-ac2c736cb5b8,2025-03-08T11:00:00,ENERGYMETER,35494.43,kWh
de661529-15d0-4960-949d-ac2c736cb5b8,2025-03-08T12:00:00,ENERGYMETER,35495.63,kWh
de661529-15d0-4960-949d-ac2c736cb5b8,2025-03-08T13:00:00,ENERGYMETER,35496.85,kWh
de661529-15d0-4960-949d-ac2c736cb5b8,2025-03-08T14:00:00,ENERGYMETER,35498.05,kWh
de661529-15d0-4960-949d-ac2c736cb5b8,2025-03-08T15:00:00,ENERGYMETER,35499.25,kWh
de661529-15d0-4960-949d-ac2c736cb5b8,2025-03-08T16:00:00,ENERGYMETER,35500.73,kWh
de661529-15d0-4960-949d-ac2c736cb5b8,2025-03-08T17:00:00,ENERGYMETER,35501.93,kWh
de661529-15d0-4960-949d-ac2c736cb5b8,2025-03-08T18:00:00,ENERGYMETER,35503.31,kWh
de661529-15d0-4960-949d-ac2c736cb5b8,2025-03-08T19:00:00,ENERGYMETER,35509.49,kWh
de661529-15d0-4960-949d-ac2c736cb5b8,2025-03-08T20:00:00,ENERGYMETER,35515.63,kWh
de661529-15d0-4960-949d-ac2c736cb5b8,2025-03-08T21:00:00,ENERGYMETER,35521.78,kWh
de661529-15d0-4960-949d-ac2c736cb5b8,2025-03-08T22:00:00,ENERGYMETER,35527.42,kWh
de661529-15d0-4960-949d-ac2c736cb5b8,2025-03-08T23:00:00,ENERGYMETER,35533.44,kWh
de661529-15d0-4960-949d-ac2c736cb5b8,2025-03-09T00:00:00,ENERGYMETER,35538.48,kWh
de661529-15d0-4960-949d-ac2c736cb5b8,2025-03-09T01:00:00,ENERGYMETER,35543.7,kWh
de661529-15d0-4960-949d-ac2c736cb5b8,2025-03-09T02:00:00,ENERGYMETER,35548.71,kWh
de661529-15d0-4960-949d-ac2c736cb5b8,2025-03-09T03:00:00,ENERGYMETER,35553.74,kWh
de661529-15d0-4960-949d-ac2c736cb5b8,2025-03-09T04:00:00,ENERGYMETER,35558.75,kWh
de661529-15d0-4960-949d-ac2c736cb5b8,2025-03-09T05:00:00,ENERGYMETER,35563.79,kWh
de661529-15d0-4960-949d-ac2c736cb5b8,2025-03-09T06:00:00,ENERGYMETER,35568.84,kWh
de661529-15d0-4960-949d-ac2c736cb5b8,2025-03-09T07:00:00,ENERGYMETER,35571.77,kWh
de661529-15d0-4960-949d-ac2c736cb5b8,2025-03-09T08:00:00,ENERGYMETER,35588.01,kWh
de661529-15d0-4960-949d-ac2c736cb5b8,2025-03-09T09:00:00,ENERGYMETER,35605.62,kWh
de661529-15d0-4960-949d-ac2c736cb5b8,2025-03-09T10:00:00,ENERGYMETER,35620.38,kWh
de661529-15d0-4960-949d-ac2c736cb5b8,2025-03-09T11:00:00,ENERGYMETER,35623.83,kWh
de661529-15d0-4960-949d-ac2c736cb5b8,2025-03-09T12:00:00,ENERGYMETER,35626.89,kWh
de661529-15d0-4960-949d-ac2c736cb5b8,2025-03-09T13:00:00,ENERGYMETER,35631.57,kWh
de661529-15d0-4960-949d-ac2c736cb5b8,2025-03-09T14:00:00,ENERGYMETER,35649.78,kWh
de661529-15d0-4960-949d-ac2c736cb5b8,2025-03-09T15:00:00,ENERGYMETER,35668.52,kWh
de661529-15d0-4960-949d-ac2c736cb5b8,2025-03-09T16:00:00,ENERGYMETER,35672.28,kWh
de661529-15d0-4960-949d-ac2c736cb5b8,2025-03-09T17:00:00,ENERGYMETER,35677.34,kWh
de661529-15d0-4960-949d-ac2c736cb5b8,2025-03-09T18:00:00,ENERGYMETER,35682.51,kWh
de661529-15d0-4960-949d-ac2c736cb5b8,2025-03-09T19:00:00,ENERGYMETER,35691.36,kWh
de661529-15d0-4960-949d-ac2c736cb5b8,2025-03-09T20:00:00,ENERGYMETER,35701.09,kWh
de661529-15d0-4960-949d-ac2c736cb5b8,2025-03-09T21:00:00,ENERGYMETER,35707.85,kWh
de661529-15d0-4960-949d-ac2c736cb5b8,2025-03-09T22:00:00,ENERGYMETER,35713.44,kWh
de661529-15d0-4960-949d-ac2c736cb5b8,2025-03-09T23:00:00,ENERGYMETER,35718.59,kWh
de661529-15d0-4960-949d-ac2c736cb5b8,2025-03-10T00:00:00,ENERGYMETER,35723.57,kWh
de661529-15d0-4960-949d-ac2c736cb5b8,2025-03-10T01:00:00,ENERGYMETER,35728.5,kWh
de661529-15d0-4960-949d-ac2c736cb5b8,2025-03-10T02:00:00,ENERGYMETER,35733.49,kWh
de661529-15d0-4960-949d-ac2c736cb5b8,2025-03-10T03:00:00,ENERGYMETER,35738.49,kWh
de661529-15d0-4960-949d-ac2c736cb5b8,2025-03-10T04:00:00,ENERGYMETER,35743.48,kWh
de661529-15d0-4960-949d-ac2c736cb5b8,2025-03-10T05:00:00,ENERGYMETER,35748.79,kWh
de661529-15d0-4960-949d-ac2c736cb5b8,2025-03-10T06:00:00,ENERGYMETER,35753.81,kWh
de661529-15d0-4960-949d-ac2c736cb5b8,2025-03-10T07:00:00,ENERGYMETER,35756.53,kWh
de661529-15d0-4960-949d-ac2c736cb5b8,2025-03-10T08:00:00,ENERGYMETER,35757.82,kWh
de661529-15d0-4960-949d-ac2c736cb5b8,2025-03-10T09:00:00,ENERGYMETER,35760.86,kWh
de661529-15d0-4960-949d-ac2c736cb5b8,2025-03-10T10:00:00,ENERGYMETER,35764.65,kWh
de661529-15d0-4960-949d-ac2c736cb5b8,2025-03-10T11:00:00,ENERGYMETER,35765.86,kWh
de661529-15d0-4960-949d-ac2c736cb5b8,2025-03-10T12:00:00,ENERGYMETER,35767.06,kWh
de661529-15d0-4960-949d-ac2c736cb5b8,2025-03-10T13:00:00,ENERGYMETER,35768.26,kWh
de661529-15d0-4960-949d-ac2c736cb5b8,2025-03-10T14:00:00,ENERGYMETER,35769.64,kWh
de661529-15d0-4960-949d-ac2c736cb5b8,2025-03-10T15:00:00,ENERGYMETER,35770.93,kWh
de661529-15d0-4960-949d-ac2c736cb5b8,2025-03-10T16:00:00,ENERGYMETER,35772.14,kWh
de661529-15d0-4960-949d-ac2c736cb5b8,2025-03-10T17:00:00,ENERGYMETER,35773.34,kWh
de661529-15d0-4960-949d-ac2c736cb5b8,2025-03-10T18:00:00,ENERGYMETER,35774.69,kWh
de661529-15d0-4960-949d-ac2c736cb5b8,2025-03-10T19:00:00,ENERGYMETER,35780.63,kWh
de661529-15d0-4960-949d-ac2c736cb5b8,2025-03-10T20:00:00,ENERGYMETER,35787.58,kWh
de661529-15d0-4960-949d-ac2c736cb5b8,2025-03-10T21:00:00,ENERGYMETER,35793.72,kWh
de661529-15d0-4960-949d-ac2c736cb5b8,2025-03-10T22:00:00,ENERGYMETER,35799.33,kWh
de661529-15d0-4960-949d-ac2c736cb5b8,2025-03-10T23:00:00,ENERGYMETER,35804.48,kWh
de661529-15d0-4960-949d-ac2c736cb5b8,2025-03-11T00:00:00,ENERGYMETER,35809.76,kWh
de661529-15d0-4960-949d-ac2c736cb5b8,2025-03-11T01:00:00,ENERGYMETER,35814.77,kWh
de661529-15d0-4960-949d-ac2c736cb5b8,2025-03-11T02:00:00,ENERGYMETER,35819.79,kWh
de661529-15d0-4960-949d-ac2c736cb5b8,2025-03-11T03:00:00,ENERGYMETER,35824.81,kWh
de661529-15d0-4960-949d-ac2c736cb5b8,2025-03-11T04:00:00,ENERGYMETER,35829.84,kWh
de661529-15d0-4960-949d-ac2c736cb5b8,2025-03-11T05:00:00,ENERGYMETER,35834.89,kWh
de661529-15d0-4960-949d-ac2c736cb5b8,2025-03-11T06:00:00,ENERGYMETER,35839.93,kWh
de661529-15d0-4960-949d-ac2c736cb5b8,2025-03-11T07:00:00,ENERGYMETER,35842.54,kWh
de661529-15d0-4960-949d-ac2c736cb5b8,2025-03-11T08:00:00,ENERGYMETER,35843.74,kWh
de661529-15d0-4960-949d-ac2c736cb5b8,2025-03-11T09:00:00,ENERGYMETER,35845.22,kWh
de661529-15d0-4960-949d-ac2c736cb5b8,2025-03-11T10:00:00,ENERGYMETER,35846.42,kWh
de661529-15d0-4960-949d-ac2c736cb5b8,2025-03-11T11:00:00,ENERGYMETER,35847.61,kWh
de661529-15d0-4960-949d-ac2c736cb5b8,2025-03-11T12:00:00,ENERGYMETER,35848.83,kWh
de661529-15d0-4960-949d-ac2c736cb5b8,2025-03-11T13:00:00,ENERGYMETER,35850.02,kWh
de661529-15d0-4960-949d-ac2c736cb5b8,2025-03-11T14:00:00,ENERGYMETER,35851.22,kWh
de661529-15d0-4960-949d-ac2c736cb5b8,2025-03-11T15:00:00,ENERGYMETER,35852.44,kWh
de661529-15d0-4960-949d-ac2c736cb5b8,2025-03-11T16:00:00,ENERGYMETER,35853.63,kWh
de661529-15d0-4960-949d-ac2c736cb5b8,2025-03-11T17:00:00,ENERGYMETER,35854.88,kWh
de661529-15d0-4960-949d-ac2c736cb5b8,2025-03-11T18:00:00,ENERGYMETER,35871.78,kWh
de661529-15d0-4960-949d-ac2c736cb5b8,2025-03-11T19:00:00,ENERGYMETER,35894.34,kWh
de661529-15d0-4960-949d-ac2c736cb5b8,2025-03-11T20:00:00,ENERGYMETER,35910.07,kWh
de661529-15d0-4960-949d-ac2c736cb5b8,2025-03-11T21:00:00,ENERGYMETER,35916.44,kWh
de661529-15d0-4960-949d-ac2c736cb5b8,2025-03-11T22:00:00,ENERGYMETER,35922.07,kWh
de661529-15d0-4960-949d-ac2c736cb5b8,2025-03-11T23:00:00,ENERGYMETER,35927.21,kWh
de661529-15d0-4960-949d-ac2c736cb5b8,2025-03-12T00:00:00,ENERGYMETER,35932.24,kWh
de661529-15d0-4960-949d-ac2c736cb5b8,2025-03-12T01:00:00,ENERGYMETER,35937.24,kWh
de661529-15d0-4960-949d-ac2c736cb5b8,2025-03-12T02:00:00,ENERGYMETER,35942.25,kWh
de661529-15d0-4960-949d-ac2c736cb5b8,2025-03-12T03:00:00,ENERGYMETER,35947.27,kWh
de661529-15d0-4960-949d-ac2c736cb5b8,2025-03-12T04:00:00,ENERGYMETER,35952.55,kWh
de661529-15d0-4960-949d-ac2c736cb5b8,2025-03-12T05:00:00,ENERGYMETER,35957.59,kWh
de661529-15d0-4960-949d-ac2c736cb5b8,2025-03-12T06:00:00,ENERGYMETER,35962.64,kWh
de661529-15d0-4960-949d-ac2c736cb5b8,2025-03-12T07:00:00,ENERGYMETER,35965.09,kWh
de661529-15d0-4960-949d-ac2c736cb5b8,2025-03-12T08:00:00,ENERGYMETER,35966.28,kWh
de661529-15d0-4960-949d-ac2c736cb5b8,2025-03-12T09:00:00,ENERGYMETER,35967.49,kWh
de661529-15d0-4960-949d-ac2c736cb5b8,2025-03-12T10:00:00,ENERGYMETER,35968.69,kWh
de661529-15d0-4960-949d-ac2c736cb5b8,2025-03-12T11:00:00,ENERGYMETER,35969.9,kWh
de661529-15d0-4960-949d-ac2c736cb5b8,2025-03-12T12:00:00,ENERGYMETER,35971.09,kWh
de661529-15d0-4960-949d-ac2c736cb5b8,2025-03-12T13:00:00,ENERGYMETER,35972.56,kWh
de661529-15d0-4960-949d-ac2c736cb5b8,2025-03-12T14:00:00,ENERGYMETER,35973.77,kWh
de661529-15d0-4960-949d-ac2c736cb5b8,2025-03-12T15:00:00,ENERGYMETER,35975.0,kWh
de661529-15d0-4960-949d-ac2c736cb5b8,2025-03-12T16:00:00,ENERGYMETER,35976.2,kWh
de661529-15d0-4960-949d-ac2c736cb5b8,2025-03-12T17:00:00,ENERGYMETER,35977.41,kWh
de661529-15d0-4960-949d-ac2c736cb5b8,2025-03-12T18:00:00,ENERGYMETER,35978.74,kWh
de661529-15d0-4960-949d-ac2c736cb5b8,2025-03-12T19:00:00,ENERGYMETER,35984.57,kWh
de661529-15d0-4960-949d-ac2c736cb5b8,2025-03-12T20:00:00,ENERGYMETER,35990.73,kWh
de661529-15d0-4960-949d-ac2c736cb5b8,2025-03-12T21:00:00,ENERGYMETER,35996.85,kWh
de661529-15d0-4960-949d-ac2c736cb5b8,2025-03-12T22:00:00,ENERGYMETER,36002.75,kWh
de661529-15d0-4960-949d-ac2c736cb5b8,2025-03-12T23:00:00,ENERGYMETER,36008.76,kWh
de661529-15d0-4960-949d-ac2c736cb5b8,2025-03-13T00:00:00,ENERGYMETER,36013.77,kWh
de661529-15d0-4960-949d-ac2c736cb5b8,2025-03-13T01:00:00,ENERGYMETER,36018.71,kWh
de661529-15d0-4960-949d-ac2c736cb5b8,2025-03-13T02:00:00,ENERGYMETER,36023.73,kWh
de661529-15d0-4960-949d-ac2c736cb5b8,2025-03-13T03:00:00,ENERGYMETER,36028.74,kWh
de661529-15d0-4960-949d-ac2c736cb5b8,2025-03-13T04:00:00,ENERGYMETER,36033.74,kWh
de661529-15d0-4960-949d-ac2c736cb5b8,2025-03-13T05:00:00,ENERGYMETER,36038.79,kWh
de661529-15d0-4960-949d-ac2c736cb5b8,2025-03-13T06:00:00,ENERGYMETER,36043.83,kWh
de661529-15d0-4960-949d-ac2c736cb5b8,2025-03-13T07:00:00,ENERGYMETER,36046.21,kWh
de661529-15d0-4960-949d-ac2c736cb5b8,2025-03-13T08:00:00,ENERGYMETER,36047.7,kWh
de661529-15d0-4960-949d-ac2c736cb5b8,2025-03-13T09:00:00,ENERGYMETER,36048.89,kWh
de661529-15d0-4960-949d-ac2c736cb5b8,2025-03-13T10:00:00,ENERGYMETER,36050.09,kWh
de661529-15d0-4960-949d-ac2c736cb5b8,2025-03-13T11:00:00,ENERGYMETER,36051.3,kWh
de661529-15d0-4960-949d-ac2c736cb5b8,2025-03-13T12:00:00,ENERGYMETER,36052.5,kWh
de661529-15d0-4960-949d-ac2c736cb5b8,2025-03-13T13:00:00,ENERGYMETER,36053.74,kWh
de661529-15d0-4960-949d-ac2c736cb5b8,2025-03-13T14:00:00,ENERGYMETER,36070.01,kWh
de661529-15d0-4960-949d-ac2c736cb5b8,2025-03-13T15:00:00,ENERGYMETER,36087.48,kWh
de661529-15d0-4960-949d-ac2c736cb5b8,2025-03-13T16:00:00,ENERGYMETER,36105.39,kWh
de661529-15d0-4960-949d-ac2c736cb5b8,2025-03-13T17:00:00,ENERGYMETER,36115.97,kWh
de661529-15d0-4960-949d-ac2c736cb5b8,2025-03-13T18:00:00,ENERGYMETER,36118.91,kWh
de661529-15d0-4960-949d-ac2c736cb5b8,2025-03-13T19:00:00,ENERGYMETER,36125.82,kWh
de661529-15d0-4960-949d-ac2c736cb5b8,2025-03-13T20:00:00,ENERGYMETER,36132.0,kWh
de661529-15d0-4960-949d-ac2c736cb5b8,2025-03-13T21:00:00,ENERGYMETER,36138.17,kWh
de661529-15d0-4960-949d-ac2c736cb5b8,2025-03-13T22:00:00,ENERGYMETER,36143.81,kWh
de661529-15d0-4960-949d-ac2c736cb5b8,2025-03-13T23:00:00,ENERGYMETER,36149.21,kWh
de661529-15d0-4960-949d-ac2c736cb5b8,2025-03-14T00:00:00,ENERGYMETER,36154.24,kWh
de661529-15d0-4960-949d-ac2c736cb5b8,2025-03-14T01:00:00,ENERGYMETER,36159.19,kWh
de661529-15d0-4960-949d-ac2c736cb5b8,2025-03-14T02:00:00,ENERGYMETER,36164.2,kWh
de661529-15d0-4960-949d-ac2c736cb5b8,2025-03-14T03:00:00,ENERGYMETER,36169.23,kWh
de661529-15d0-4960-949d-ac2c736cb5b8,2025-03-14T04:00:00,ENERGYMETER,36174.24,kWh
de661529-15d0-4960-949d-ac2c736cb5b8,2025-03-14T05:00:00,ENERGYMETER,36179.3,kWh
de661529-15d0-4960-949d-ac2c736cb5b8,2025-03-14T06:00:00,ENERGYMETER,36184.34,kWh
de661529-15d0-4960-949d-ac2c736cb5b8,2025-03-14T07:00:00,ENERGYMETER,36186.56,kWh
de661529-15d0-4960-949d-ac2c736cb5b8,2025-03-14T08:00:00,ENERGYMETER,36188.04,kWh
de661529-15d0-4960-949d-ac2c736cb5b8,2025-03-14T09:00:00,ENERGYMETER,36189.22,kWh
de661529-15d0-4960-949d-ac2c736cb5b8,2025-03-14T10:00:00,ENERGYMETER,36190.42,kWh
de661529-15d0-4960-949d-ac2c736cb5b8,2025-03-14T11:00:00,ENERGYMETER,36191.6,kWh
de661529-15d0-4960-949d-ac2c736cb5b8,2025-03-14T12:00:00,ENERGYMETER,36192.79,kWh
de661529-15d0-4960-949d-ac2c736cb5b8,2025-03-14T13:00:00,ENERGYMETER,36193.99,kWh
de661529-15d0-4960-949d-ac2c736cb5b8,2025-03-14T14:00:00,ENERGYMETER,36195.17,kWh
de661529-15d0-4960-949d-ac2c736cb5b8,2025-03-14T15:00:00,ENERGYMETER,36196.37,kWh
de661529-15d0-4960-949d-ac2c736cb5b8,2025-03-14T16:00:00,ENERGYMETER,36197.56,kWh
de661529-15d0-4960-949d-ac2c736cb5b8,2025-03-14T17:00:00,ENERGYMETER,36198.79,kWh
de661529-15d0-4960-949d-ac2c736cb5b8,2025-03-14T18:00:00,ENERGYMETER,36215.97,kWh
de661529-15d0-4960-949d-ac2c736cb5b8,2025-03-14T19:00:00,ENERGYMETER,36238.07,kWh
de661529-15d0-4960-949d-ac2c736cb5b8,2025-03-14T20:00:00,ENERGYMETER,36253.89,kWh
de661529-15d0-4960-949d-ac2c736cb5b8,2025-03-14T21:00:00,ENERGYMETER,36260.13,kWh
de661529-15d0-4960-949d-ac2c736cb5b8,2025-03-14T22:00:00,ENERGYMETER,36265.78,kWh
de661529-15d0-4960-949d-ac2c736cb5b8,2025-03-14T23:00:00,ENERGYMETER,36270.97,kWh
de661529-15d0-4960-949d-ac2c736cb5b8,2025-03-15T00:00:00,ENERGYMETER,36275.98,kWh
de661529-15d0-4960-949d-ac2c736cb5b8,2025-03-15T01:00:00,ENERGYMETER,36281.01,kWh
de661529-15d0-4960-949d-ac2c736cb5b8,2025-03-15T02:00:00,ENERGYMETER,36286.02,kWh
de661529-15d0-4960-949d-ac2c736cb5b8,2025-03-15T03:00:00,ENERGYMETER,36291.3,kWh
de661529-15d0-4960-949d-ac2c736cb5b8,2025-03-15T04:00:00,ENERGYMETER,36296.32,kWh
de661529-15d0-4960-949d-ac2c736cb5b8,2025-03-15T05:00:00,ENERGYMETER,36301.38,kWh
de661529-15d0-4960-949d-ac2c736cb5b8,2025-03-15T06:00:00,ENERGYMETER,36306.41,kWh
de661529-15d0-4960-949d-ac2c736cb5b8,2025-03-15T07:00:00,ENERGYMETER,36308.5,kWh
de661529-15d0-4960-949d-ac2c736cb5b8,2025-03-15T08:00:00,ENERGYMETER,36309.69,kWh
de661529-15d0-4960-949d-ac2c736cb5b8,2025-03-15T09:00:00,ENERGYMETER,36310.88,kWh
de661529-15d0-4960-949d-ac2c736cb5b8,2025-03-15T10:00:00,ENERGYMETER,36312.06,kWh
de661529-15d0-4960-949d-ac2c736cb5b8,2025-03-15T11:00:00,ENERGYMETER,36313.31,kWh
de661529-15d0-4960-949d-ac2c736cb5b8,2025-03-15T12:00:00,ENERGYMETER,36329.85,kWh
de661529-15d0-4960-949d-ac2c736cb5b8,2025-03-15T13:00:00,ENERGYMETER,36347.2,kWh
de661529-15d0-4960-949d-ac2c736cb5b8,2025-03-15T14:00:00,ENERGYMETER,36364.58,kWh
de661529-15d0-4960-949d-ac2c736cb5b8,2025-03-15T15:00:00,ENERGYMETER,36381.94,kWh
de661529-15d0-4960-949d-ac2c736cb5b8,2025-03-15T16:00:00,ENERGYMETER,36400.95,kWh
de661529-15d0-4960-949d-ac2c736cb5b8,2025-03-15T17:00:00,ENERGYMETER,36405.68,kWh
de661529-15d0-4960-949d-ac2c736cb5b8,2025-03-15T18:00:00,ENERGYMETER,36419.46,kWh
de661529-15d0-4960-949d-ac2c736cb5b8,2025-03-15T19:00:00,ENERGYMETER,36435.8,kWh
de661529-15d0-4960-949d-ac2c736cb5b8,2025-03-15T20:00:00,ENERGYMETER,36443.61,kWh
de661529-15d0-4960-949d-ac2c736cb5b8,2025-03-15T21:00:00,ENERGYMETER,36451.59,kWh
de661529-15d0-4960-949d-ac2c736cb5b8,2025-03-15T22:00:00,ENERGYMETER,36457.27,kWh
de661529-15d0-4960-949d-ac2c736cb5b8,2025-03-15T23:00:00,ENERGYMETER,36462.4,kWh
de661529-15d0-4960-949d-ac2c736cb5b8,2025-03-16T00:00:00,ENERGYMETER,36467.39,kWh
de661529-15d0-4960-949d-ac2c736cb5b8,2025-03-16T01:00:00,ENERGYMETER,36472.34,kWh
de661529-15d0-4960-949d-ac2c736cb5b8,2025-03-16T02:00:00,ENERGYMETER,36477.33,kWh
de661529-15d0-4960-949d-ac2c736cb5b8,2025-03-16T03:00:00,ENERGYMETER,36482.32,kWh
de661529-15d0-4960-949d-ac2c736cb5b8,2025-03-16T04:00:00,ENERGYMETER,36487.33,kWh
de661529-15d0-4960-949d-ac2c736cb5b8,2025-03-16T05:00:00,ENERGYMETER,36492.36,kWh
de661529-15d0-4960-949d-ac2c736cb5b8,2025-03-16T06:00:00,ENERGYMETER,36497.68,kWh
de661529-15d0-4960-949d-ac2c736cb5b8,2025-03-16T07:00:00,ENERGYMETER,36499.69,kWh
de661529-15d0-4960-949d-ac2c736cb5b8,2025-03-16T08:00:00,ENERGYMETER,36500.86,kWh
de661529-15d0-4960-949d-ac2c736cb5b8,2025-03-16T09:00:00,ENERGYMETER,36502.04,kWh
de661529-15d0-4960-949d-ac2c736cb5b8,2025-03-16T10:00:00,ENERGYMETER,36503.22,kWh
de661529-15d0-4960-949d-ac2c736cb5b8,2025-03-16T11:00:00,ENERGYMETER,36504.44,kWh
de661529-15d0-4960-949d-ac2c736cb5b8,2025-03-16T12:00:00,ENERGYMETER,36520.85,kWh
de661529-15d0-4960-949d-ac2c736cb5b8,2025-03-16T13:00:00,ENERGYMETER,36538.37,kWh
de661529-15d0-4960-949d-ac2c736cb5b8,2025-03-16T14:00:00,ENERGYMETER,36555.97,kWh
de661529-15d0-4960-949d-ac2c736cb5b8,2025-03-16T15:00:00,ENERGYMETER,36573.9,kWh
de661529-15d0-4960-949d-ac2c736cb5b8,2025-03-16T16:00:00,ENERGYMETER,36592.85,kWh
de661529-15d0-4960-949d-ac2c736cb5b8,2025-03-16T17:00:00,ENERGYMETER,36597.37,kWh
de661529-15d0-4960-949d-ac2c736cb5b8,2025-03-16T18:00:00,ENERGYMETER,36610.82,kWh
de661529-15d0-4960-949d-ac2c736cb5b8,2025-03-16T19:00:00,ENERGYMETER,36627.13,kWh
de661529-15d0-4960-949d-ac2c736cb5b8,2025-03-16T20:00:00,ENERGYMETER,36634.96,kWh
de661529-15d0-4960-949d-ac2c736cb5b8,2025-03-16T21:00:00,ENERGYMETER,36643.13,kWh
de661529-15d0-4960-949d-ac2c736cb5b8,2025-03-16T22:00:00,ENERGYMETER,36649.96,kWh
de661529-15d0-4960-949d-ac2c736cb5b8,2025-03-16T23:00:00,ENERGYMETER,36656.31,kWh
de661529-15d0-4960-949d-ac2c736cb5b8,2025-03-17T23:00:00,ENERGYMETER,36657.93,kWh
de661529-15d0-4960-949d-ac2c736cb5b8,2025-03-21T08:00:00,ENERGYMETER,36659.3,kWh
de661529-15d0-4960-949d-ac2c736cb5b8,2025-03-21T09:00:00,ENERGYMETER,36661.98,kWh
de661529-15d0-4960-949d-ac2c736cb5b8,2025-03-21T10:00:00,ENERGYMETER,36665.85,kWh
de661529-15d0-4960-949d-ac2c736cb5b8,2025-03-21T11:00:00,ENERGYMETER,36683.25,kWh
de661529-15d0-4960-949d-ac2c736cb5b8,2025-03-21T12:00:00,ENERGYMETER,36684.69,kWh
de661529-15d0-4960-949d-ac2c736cb5b8,2025-03-21T13:00:00,ENERGYMETER,36686.12,kWh
de661529-15d0-4960-949d-ac2c736cb5b8,2025-03-21T14:00:00,ENERGYMETER,36702.4,kWh
de661529-15d0-4960-949d-ac2c736cb5b8,2025-03-21T15:00:00,ENERGYMETER,36717.74,kWh
de661529-15d0-4960-949d-ac2c736cb5b8,2025-03-21T16:00:00,ENERGYMETER,36732.51,kWh
de661529-15d0-4960-949d-ac2c736cb5b8,2025-03-21T17:00:00,ENERGYMETER,36739.86,kWh
de661529-15d0-4960-949d-ac2c736cb5b8,2025-03-21T18:00:00,ENERGYMETER,36743.6,kWh
de661529-15d0-4960-949d-ac2c736cb5b8,2025-03-21T19:00:00,ENERGYMETER,36750.41,kWh
de661529-15d0-4960-949d-ac2c736cb5b8,2025-03-21T20:00:00,ENERGYMETER,36757.34,kWh
de661529-15d0-4960-949d-ac2c736cb5b8,2025-03-21T21:00:00,ENERGYMETER,36763.56,kWh
de661529-15d0-4960-949d-ac2c736cb5b8,2025-03-21T22:00:00,ENERGYMETER,36769.24,kWh
de661529-15d0-4960-949d-ac2c736cb5b8,2025-03-21T23:00:00,ENERGYMETER,36774.41,kWh
de661529-15d0-4960-949d-ac2c736cb5b8,2025-03-22T00:00:00,ENERGYMETER,36779.47,kWh
de661529-15d0-4960-949d-ac2c736cb5b8,2025-03-22T01:00:00,ENERGYMETER,36784.46,kWh
de661529-15d0-4960-949d-ac2c736cb5b8,2025-03-22T02:00:00,ENERGYMETER,36789.52,kWh
de661529-15d0-4960-949d-ac2c736cb5b8,2025-03-22T03:00:00,ENERGYMETER,36794.58,kWh
de661529-15d0-4960-949d-ac2c736cb5b8,2025-03-22T04:00:00,ENERGYMETER,36799.64,kWh
de661529-15d0-4960-949d-ac2c736cb5b8,2025-03-22T05:00:00,ENERGYMETER,36804.99,kWh
de661529-15d0-4960-949d-ac2c736cb5b8,2025-03-22T06:00:00,ENERGYMETER,36810.09,kWh
de661529-15d0-4960-949d-ac2c736cb5b8,2025-03-22T07:00:00,ENERGYMETER,36811.5,kWh
de661529-15d0-4960-949d-ac2c736cb5b8,2025-03-22T08:00:00,ENERGYMETER,36827.89,kWh
de661529-15d0-4960-949d-ac2c736cb5b8,2025-03-22T09:00:00,ENERGYMETER,36846.35,kWh
de661529-15d0-4960-949d-ac2c736cb5b8,2025-03-22T10:00:00,ENERGYMETER,36859.25,kWh
de661529-15d0-4960-949d-ac2c736cb5b8,2025-03-22T11:00:00,ENERGYMETER,36866.61,kWh
de661529-15d0-4960-949d-ac2c736cb5b8,2025-03-22T12:00:00,ENERGYMETER,36874.42,kWh
de661529-15d0-4960-949d-ac2c736cb5b8,2025-03-22T13:00:00,ENERGYMETER,36880.82,kWh
de661529-15d0-4960-949d-ac2c736cb5b8,2025-03-22T14:00:00,ENERGYMETER,36883.28,kWh
de661529-15d0-4960-949d-ac2c736cb5b8,2025-03-22T15:00:00,ENERGYMETER,36884.47,kWh
de661529-15d0-4960-949d-ac2c736cb5b8,2025-03-22T16:00:00,ENERGYMETER,36885.67,kWh
de661529-15d0-4960-949d-ac2c736cb5b8,2025-03-22T17:00:00,ENERGYMETER,36886.86,kWh
de661529-15d0-4960-949d-ac2c736cb5b8,2025-03-22T18:00:00,ENERGYMETER,36888.04,kWh
de661529-15d0-4960-949d-ac2c736cb5b8,2025-03-22T19:00:00,ENERGYMETER,36893.22,kWh
de661529-15d0-4960-949d-ac2c736cb5b8,2025-03-22T20:00:00,ENERGYMETER,36899.36,kWh
de661529-15d0-4960-949d-ac2c736cb5b8,2025-03-22T21:00:00,ENERGYMETER,36905.48,kWh
de661529-15d0-4960-949d-ac2c736cb5b8,2025-03-22T22:00:00,ENERGYMETER,36911.11,kWh
de661529-15d0-4960-949d-ac2c736cb5b8,2025-03-22T23:00:00,ENERGYMETER,36916.24,kWh
de661529-15d0-4960-949d-ac2c736cb5b8,2025-03-23T00:00:00,ENERGYMETER,36921.27,kWh
de661529-15d0-4960-949d-ac2c736cb5b8,2025-03-23T01:00:00,ENERGYMETER,36926.22,kWh
de661529-15d0-4960-949d-ac2c736cb5b8,2025-03-23T02:00:00,ENERGYMETER,36931.22,kWh
de661529-15d0-4960-949d-ac2c736cb5b8,2025-03-23T03:00:00,ENERGYMETER,36936.24,kWh
de661529-15d0-4960-949d-ac2c736cb5b8,2025-03-23T04:00:00,ENERGYMETER,36941.24,kWh
de661529-15d0-4960-949d-ac2c736cb5b8,2025-03-23T05:00:00,ENERGYMETER,36946.56,kWh
de661529-15d0-4960-949d-ac2c736cb5b8,2025-03-23T06:00:00,ENERGYMETER,36951.58,kWh
de661529-15d0-4960-949d-ac2c736cb5b8,2025-03-23T07:00:00,ENERGYMETER,36952.77,kWh
de661529-15d0-4960-949d-ac2c736cb5b8,2025-03-23T08:00:00,ENERGYMETER,36953.97,kWh
de661529-15d0-4960-949d-ac2c736cb5b8,2025-03-23T09:00:00,ENERGYMETER,36955.16,kWh
de661529-15d0-4960-949d-ac2c736cb5b8,2025-03-23T10:00:00,ENERGYMETER,36956.34,kWh
de661529-15d0-4960-949d-ac2c736cb5b8,2025-03-23T11:00:00,ENERGYMETER,36957.55,kWh
de661529-15d0-4960-949d-ac2c736cb5b8,2025-03-23T12:00:00,ENERGYMETER,36958.73,kWh
de661529-15d0-4960-949d-ac2c736cb5b8,2025-03-23T13:00:00,ENERGYMETER,36960.32,kWh
de661529-15d0-4960-949d-ac2c736cb5b8,2025-03-23T14:00:00,ENERGYMETER,36962.12,kWh
de661529-15d0-4960-949d-ac2c736cb5b8,2025-03-23T15:00:00,ENERGYMETER,36963.4,kWh
de661529-15d0-4960-949d-ac2c736cb5b8,2025-03-23T16:00:00,ENERGYMETER,36964.6,kWh
de661529-15d0-4960-949d-ac2c736cb5b8,2025-03-23T17:00:00,ENERGYMETER,36965.78,kWh
de661529-15d0-4960-949d-ac2c736cb5b8,2025-03-23T18:00:00,ENERGYMETER,36966.97,kWh
de661529-15d0-4960-949d-ac2c736cb5b8,2025-03-23T19:00:00,ENERGYMETER,36971.82,kWh
de661529-15d0-4960-949d-ac2c736cb5b8,2025-03-23T20:00:00,ENERGYMETER,36977.95,kWh
de661529-15d0-4960-949d-ac2c736cb5b8,2025-03-23T21:00:00,ENERGYMETER,36984.05,kWh
de661529-15d0-4960-949d-ac2c736cb5b8,2025-03-23T22:00:00,ENERGYMETER,36989.69,kWh
de661529-15d0-4960-949d-ac2c736cb5b8,2025-03-23T23:00:00,ENERGYMETER,36994.8,kWh
de661529-15d0-4960-949d-ac2c736cb5b8,2025-03-24T00:00:00,ENERGYMETER,37000.1,kWh
de661529-15d0-4960-949d-ac2c736cb5b8,2025-03-24T01:00:00,ENERGYMETER,37005.05,kWh
de661529-15d0-4960-949d-ac2c736cb5b8,2025-03-24T02:00:00,ENERGYMETER,37010.05,kWh
de661529-15d0-4960-949d-ac2c736cb5b8,2025-03-24T03:00:00,ENERGYMETER,37015.05,kWh
de661529-15d0-4960-949d-ac2c736cb5b8,2025-03-24T04:00:00,ENERGYMETER,37020.06,kWh
de661529-15d0-4960-949d-ac2c736cb5b8,2025-03-24T05:00:00,ENERGYMETER,37025.1,kWh
de661529-15d0-4960-949d-ac2c736cb5b8,2025-03-24T06:00:00,ENERGYMETER,37030.05,kWh
de661529-15d0-4960-949d-ac2c736cb5b8,2025-03-24T07:00:00,ENERGYMETER,37031.25,kWh
de661529-15d0-4960-949d-ac2c736cb5b8,2025-03-24T08:00:00,ENERGYMETER,37032.44,kWh
de661529-15d0-4960-949d-ac2c736cb5b8,2025-03-24T09:00:00,ENERGYMETER,37035.36,kWh
de661529-15d0-4960-949d-ac2c736cb5b8,2025-03-24T10:00:00,ENERGYMETER,37037.9,kWh
de661529-15d0-4960-949d-ac2c736cb5b8,2025-03-24T11:00:00,ENERGYMETER,37039.11,kWh
de661529-15d0-4960-949d-ac2c736cb5b8,2025-03-24T12:00:00,ENERGYMETER,37040.33,kWh
de661529-15d0-4960-949d-ac2c736cb5b8,2025-03-24T13:00:00,ENERGYMETER,37041.55,kWh
de661529-15d0-4960-949d-ac2c736cb5b8,2025-03-24T14:00:00,ENERGYMETER,37043.61,kWh
de661529-15d0-4960-949d-ac2c736cb5b8,2025-03-24T15:00:00,ENERGYMETER,37045.04,kWh
de661529-15d0-4960-949d-ac2c736cb5b8,2025-03-24T16:00:00,ENERGYMETER,37046.27,kWh
de661529-15d0-4960-949d-ac2c736cb5b8,2025-03-24T17:00:00,ENERGYMETER,37047.46,kWh
de661529-15d0-4960-949d-ac2c736cb5b8,2025-03-24T18:00:00,ENERGYMETER,37048.69,kWh
de661529-15d0-4960-949d-ac2c736cb5b8,2025-03-24T19:00:00,ENERGYMETER,37053.72,kWh
de661529-15d0-4960-949d-ac2c736cb5b8,2025-03-24T20:00:00,ENERGYMETER,37059.87,kWh
de661529-15d0-4960-949d-ac2c736cb5b8,2025-03-24T21:00:00,ENERGYMETER,37066.0,kWh
de661529-15d0-4960-949d-ac2c736cb5b8,2025-03-24T22:00:00,ENERGYMETER,37071.65,kWh
de661529-15d0-4960-949d-ac2c736cb5b8,2025-03-24T23:00:00,ENERGYMETER,37076.77,kWh
de661529-15d0-4960-949d-ac2c736cb5b8,2025-03-25T00:00:00,ENERGYMETER,37081.78,kWh
de661529-15d0-4960-949d-ac2c736cb5b8,2025-03-25T01:00:00,ENERGYMETER,37086.76,kWh
de661529-15d0-4960-949d-ac2c736cb5b8,2025-03-25T02:00:00,ENERGYMETER,37091.76,kWh
de661529-15d0-4960-949d-ac2c736cb5b8,2025-03-25T03:00:00,ENERGYMETER,37096.78,kWh
de661529-15d0-4960-949d-ac2c736cb5b8,2025-03-25T04:00:00,ENERGYMETER,37102.1,kWh
de661529-15d0-4960-949d-ac2c736cb5b8,2025-03-25T05:00:00,ENERGYMETER,37107.13,kWh
de661529-15d0-4960-949d-ac2c736cb5b8,2025-03-25T06:00:00,ENERGYMETER,37111.97,kWh
de661529-15d0-4960-949d-ac2c736cb5b8,2025-03-25T07:00:00,ENERGYMETER,37113.17,kWh
de661529-15d0-4960-949d-ac2c736cb5b8,2025-03-25T08:00:00,ENERGYMETER,37114.37,kWh
de661529-15d0-4960-949d-ac2c736cb5b8,2025-03-25T09:00:00,ENERGYMETER,37116.84,kWh
de661529-15d0-4960-949d-ac2c736cb5b8,2025-03-25T10:00:00,ENERGYMETER,37118.17,kWh
de661529-15d0-4960-949d-ac2c736cb5b8,2025-03-25T11:00:00,ENERGYMETER,37119.34,kWh
de661529-15d0-4960-949d-ac2c736cb5b8,2025-03-25T12:00:00,ENERGYMETER,37120.51,kWh
de661529-15d0-4960-949d-ac2c736cb5b8,2025-03-25T13:00:00,ENERGYMETER,37121.97,kWh
de661529-15d0-4960-949d-ac2c736cb5b8,2025-03-25T14:00:00,ENERGYMETER,37123.98,kWh
de661529-15d0-4960-949d-ac2c736cb5b8,2025-03-25T15:00:00,ENERGYMETER,37125.14,kWh
de661529-15d0-4960-949d-ac2c736cb5b8,2025-03-25T16:00:00,ENERGYMETER,37126.33,kWh
de661529-15d0-4960-949d-ac2c736cb5b8,2025-03-25T17:00:00,ENERGYMETER,37127.55,kWh
de661529-15d0-4960-949d-ac2c736cb5b8,2025-03-25T18:00:00,ENERGYMETER,37143.7,kWh
de661529-15d0-4960-949d-ac2c736cb5b8,2025-03-25T19:00:00,ENERGYMETER,37164.94,kWh
de661529-15d0-4960-949d-ac2c736cb5b8,2025-03-25T20:00:00,ENERGYMETER,37180.78,kWh
de661529-15d0-4960-949d-ac2c736cb5b8,2025-03-25T21:00:00,ENERGYMETER,37187.18,kWh
de661529-15d0-4960-949d-ac2c736cb5b8,2025-03-25T22:00:00,ENERGYMETER,37193.08,kWh
de661529-15d0-4960-949d-ac2c736cb5b8,2025-03-25T23:00:00,ENERGYMETER,37198.18,kWh
de661529-15d0-4960-949d-ac2c736cb5b8,2025-03-26T00:00:00,ENERGYMETER,37203.17,kWh
de661529-15d0-4960-949d-ac2c736cb5b8,2025-03-26T01:00:00,ENERGYMETER,37208.12,kWh
de661529-15d0-4960-949d-ac2c736cb5b8,2025-03-26T02:00:00,ENERGYMETER,37213.1,kWh
de661529-15d0-4960-949d-ac2c736cb5b8,2025-03-26T03:00:00,ENERGYMETER,37218.09,kWh
de661529-15d0-4960-949d-ac2c736cb5b8,2025-03-26T04:00:00,ENERGYMETER,37223.09,kWh
de661529-15d0-4960-949d-ac2c736cb5b8,2025-03-26T05:00:00,ENERGYMETER,37228.11,kWh
de661529-15d0-4960-949d-ac2c736cb5b8,2025-03-26T06:00:00,ENERGYMETER,37232.78,kWh
de661529-15d0-4960-949d-ac2c736cb5b8,2025-03-26T07:00:00,ENERGYMETER,37234.23,kWh
de661529-15d0-4960-949d-ac2c736cb5b8,2025-03-26T08:00:00,ENERGYMETER,37235.41,kWh
de661529-15d0-4960-949d-ac2c736cb5b8,2025-03-26T09:00:00,ENERGYMETER,37236.58,kWh
de661529-15d0-4960-949d-ac2c736cb5b8,2025-03-26T10:00:00,ENERGYMETER,37237.75,kWh
de661529-15d0-4960-949d-ac2c736cb5b8,2025-03-26T11:00:00,ENERGYMETER,37238.94,kWh
de661529-15d0-4960-949d-ac2c736cb5b8,2025-03-26T12:00:00,ENERGYMETER,37240.11,kWh
de661529-15d0-4960-949d-ac2c736cb5b8,2025-03-26T13:00:00,ENERGYMETER,37241.28,kWh
de661529-15d0-4960-949d-ac2c736cb5b8,2025-03-26T14:00:00,ENERGYMETER,37242.47,kWh
de661529-15d0-4960-949d-ac2c736cb5b8,2025-03-26T15:00:00,ENERGYMETER,37243.65,kWh
de661529-15d0-4960-949d-ac2c736cb5b8,2025-03-26T16:00:00,ENERGYMETER,37244.94,kWh
de661529-15d0-4960-949d-ac2c736cb5b8,2025-03-26T17:00:00,ENERGYMETER,37246.27,kWh
de661529-15d0-4960-949d-ac2c736cb5b8,2025-03-26T18:00:00,ENERGYMETER,37247.44,kWh
de661529-15d0-4960-949d-ac2c736cb5b8,2025-03-26T19:00:00,ENERGYMETER,37251.94,kWh
de661529-15d0-4960-949d-ac2c736cb5b8,2025-03-26T20:00:00,ENERGYMETER,37258.07,kWh
de661529-15d0-4960-949d-ac2c736cb5b8,2025-03-26T21:00:00,ENERGYMETER,37265.06,kWh
de661529-15d0-4960-949d-ac2c736cb5b8,2025-03-26T22:00:00,ENERGYMETER,37270.67,kWh
de661529-15d0-4960-949d-ac2c736cb5b8,2025-03-26T23:00:00,ENERGYMETER,37275.77,kWh
de661529-15d0-4960-949d-ac2c736cb5b8,2025-03-27T00:00:00,ENERGYMETER,37280.78,kWh
de661529-15d0-4960-949d-ac2c736cb5b8,2025-03-27T01:00:00,ENERGYMETER,37285.7,kWh
de661529-15d0-4960-949d-ac2c736cb5b8,2025-03-27T02:00:00,ENERGYMETER,37290.97,kWh
de661529-15d0-4960-949d-ac2c736cb5b8,2025-03-27T03:00:00,ENERGYMETER,37295.97,kWh
de661529-15d0-4960-949d-ac2c736cb5b8,2025-03-27T04:00:00,ENERGYMETER,37300.95,kWh
de661529-15d0-4960-949d-ac2c736cb5b8,2025-03-27T05:00:00,ENERGYMETER,37305.96,kWh
de661529-15d0-4960-949d-ac2c736cb5b8,2025-03-27T06:00:00,ENERGYMETER,37310.52,kWh
de661529-15d0-4960-949d-ac2c736cb5b8,2025-03-27T07:00:00,ENERGYMETER,37311.69,kWh
de661529-15d0-4960-949d-ac2c736cb5b8,2025-03-27T08:00:00,ENERGYMETER,37312.86,kWh
de661529-15d0-4960-949d-ac2c736cb5b8,2025-03-27T09:00:00,ENERGYMETER,37314.05,kWh
de661529-15d0-4960-949d-ac2c736cb5b8,2025-03-27T10:00:00,ENERGYMETER,37315.22,kWh
de661529-15d0-4960-949d-ac2c736cb5b8,2025-03-27T11:00:00,ENERGYMETER,37316.66,kWh
de661529-15d0-4960-949d-ac2c736cb5b8,2025-03-27T12:00:00,ENERGYMETER,37317.84,kWh
de661529-15d0-4960-949d-ac2c736cb5b8,2025-03-27T13:00:00,ENERGYMETER,37319.02,kWh
de661529-15d0-4960-949d-ac2c736cb5b8,2025-03-27T14:00:00,ENERGYMETER,37320.19,kWh
de661529-15d0-4960-949d-ac2c736cb5b8,2025-03-27T15:00:00,ENERGYMETER,37321.37,kWh
de661529-15d0-4960-949d-ac2c736cb5b8,2025-03-27T16:00:00,ENERGYMETER,37322.56,kWh
de661529-15d0-4960-949d-ac2c736cb5b8,2025-03-27T17:00:00,ENERGYMETER,37323.73,kWh
de661529-15d0-4960-949d-ac2c736cb5b8,2025-03-27T18:00:00,ENERGYMETER,37324.9,kWh
de661529-15d0-4960-949d-ac2c736cb5b8,2025-03-27T19:00:00,ENERGYMETER,37329.33,kWh
de661529-15d0-4960-949d-ac2c736cb5b8,2025-03-27T20:00:00,ENERGYMETER,37335.72,kWh
de661529-15d0-4960-949d-ac2c736cb5b8,2025-03-27T21:00:00,ENERGYMETER,37342.7,kWh
de661529-15d0-4960-949d-ac2c736cb5b8,2025-03-27T22:00:00,ENERGYMETER,37348.31,kWh
de661529-15d0-4960-949d-ac2c736cb5b8,2025-03-27T23:00:00,ENERGYMETER,37353.4,kWh
de661529-15d0-4960-949d-ac2c736cb5b8,2025-03-28T00:00:00,ENERGYMETER,37358.39,kWh
de661529-15d0-4960-949d-ac2c736cb5b8,2025-03-28T01:00:00,ENERGYMETER,37363.32,kWh
de661529-15d0-4960-949d-ac2c736cb5b8,2025-03-28T02:00:00,ENERGYMETER,37368.3,kWh
de661529-15d0-4960-949d-ac2c736cb5b8,2025-03-28T03:00:00,ENERGYMETER,37373.28,kWh
de661529-15d0-4960-949d-ac2c736cb5b8,2025-03-28T04:00:00,ENERGYMETER,37378.27,kWh
de661529-15d0-4960-949d-ac2c736cb5b8,2025-03-28T05:00:00,ENERGYMETER,37383.54,kWh
de661529-15d0-4960-949d-ac2c736cb5b8,2025-03-28T06:00:00,ENERGYMETER,37387.95,kWh
de661529-15d0-4960-949d-ac2c736cb5b8,2025-03-28T07:00:00,ENERGYMETER,37389.14,kWh
de661529-15d0-4960-949d-ac2c736cb5b8,2025-03-28T08:00:00,ENERGYMETER,37390.37,kWh
de661529-15d0-4960-949d-ac2c736cb5b8,2025-03-28T09:00:00,ENERGYMETER,37406.75,kWh
de661529-15d0-4960-949d-ac2c736cb5b8,2025-03-28T10:00:00,ENERGYMETER,37425.59,kWh
de661529-15d0-4960-949d-ac2c736cb5b8,2025-03-28T11:00:00,ENERGYMETER,37446.0,kWh
de661529-15d0-4960-949d-ac2c736cb5b8,2025-03-28T12:00:00,ENERGYMETER,37453.55,kWh
de661529-15d0-4960-949d-ac2c736cb5b8,2025-03-28T13:00:00,ENERGYMETER,37460.27,kWh
de661529-15d0-4960-949d-ac2c736cb5b8,2025-03-28T14:00:00,ENERGYMETER,37463.94,kWh
de661529-15d0-4960-949d-ac2c736cb5b8,2025-03-28T15:00:00,ENERGYMETER,37465.12,kWh
de661529-15d0-4960-949d-ac2c736cb5b8,2025-03-28T16:00:00,ENERGYMETER,37466.28,kWh
de661529-15d0-4960-949d-ac2c736cb5b8,2025-03-28T17:00:00,ENERGYMETER,37467.52,kWh
de661529-15d0-4960-949d-ac2c736cb5b8,2025-03-28T18:00:00,ENERGYMETER,37483.62,kWh
de661529-15d0-4960-949d-ac2c736cb5b8,2025-03-28T19:00:00,ENERGYMETER,37504.59,kWh
de661529-15d0-4960-949d-ac2c736cb5b8,2025-03-28T20:00:00,ENERGYMETER,37520.39,kWh
de661529-15d0-4960-949d-ac2c736cb5b8,2025-03-28T21:00:00,ENERGYMETER,37526.76,kWh
de661529-15d0-4960-949d-ac2c736cb5b8,2025-03-28T22:00:00,ENERGYMETER,37532.38,kWh
de661529-15d0-4960-949d-ac2c736cb5b8,2025-03-28T23:00:00,ENERGYMETER,37537.75,kWh
de661529-15d0-4960-949d-ac2c736cb5b8,2025-03-29T01:00:00,ENERGYMETER,37547.69,kWh
de661529-15d0-4960-949d-ac2c736cb5b8,2025-03-29T02:00:00,ENERGYMETER,37552.7,kWh
de661529-15d0-4960-949d-ac2c736cb5b8,2025-03-29T03:00:00,ENERGYMETER,37557.69,kWh
de661529-15d0-4960-949d-ac2c736cb5b8,2025-03-29T04:00:00,ENERGYMETER,37562.7,kWh
de661529-15d0-4960-949d-ac2c736cb5b8,2025-03-29T05:00:00,ENERGYMETER,37567.73,kWh
de661529-15d0-4960-949d-ac2c736cb5b8,2025-03-29T06:00:00,ENERGYMETER,37572.08,kWh
de661529-15d0-4960-949d-ac2c736cb5b8,2025-03-29T07:00:00,ENERGYMETER,37573.26,kWh
de661529-15d0-4960-949d-ac2c736cb5b8,2025-03-29T08:00:00,ENERGYMETER,37574.72,kWh
de661529-15d0-4960-949d-ac2c736cb5b8,2025-03-29T09:00:00,ENERGYMETER,37575.89,kWh
de661529-15d0-4960-949d-ac2c736cb5b8,2025-03-29T10:00:00,ENERGYMETER,37577.06,kWh
de661529-15d0-4960-949d-ac2c736cb5b8,2025-03-29T11:00:00,ENERGYMETER,37578.24,kWh
de661529-15d0-4960-949d-ac2c736cb5b8,2025-03-29T12:00:00,ENERGYMETER,37579.47,kWh
de661529-15d0-4960-949d-ac2c736cb5b8,2025-03-29T13:00:00,ENERGYMETER,37595.92,kWh
de661529-15d0-4960-949d-ac2c736cb5b8,2025-03-29T14:00:00,ENERGYMETER,37613.67,kWh
de661529-15d0-4960-949d-ac2c736cb5b8,2025-03-29T15:00:00,ENERGYMETER,37631.49,kWh
de661529-15d0-4960-949d-ac2c736cb5b8,2025-03-29T16:00:00,ENERGYMETER,37649.25,kWh
de661529-15d0-4960-949d-ac2c736cb5b8,2025-03-29T17:00:00,ENERGYMETER,37651.53,kWh
de661529-15d0-4960-949d-ac2c736cb5b8,2025-03-29T18:00:00,ENERGYMETER,37652.88,kWh
de661529-15d0-4960-949d-ac2c736cb5b8,2025-03-29T19:00:00,ENERGYMETER,37657.12,kWh
de661529-15d0-4960-949d-ac2c736cb5b8,2025-03-29T20:00:00,ENERGYMETER,37663.25,kWh
de661529-15d0-4960-949d-ac2c736cb5b8,2025-03-29T21:00:00,ENERGYMETER,37669.38,kWh
de661529-15d0-4960-949d-ac2c736cb5b8,2025-03-29T22:00:00,ENERGYMETER,37675.0,kWh
de661529-15d0-4960-949d-ac2c736cb5b8,2025-03-29T23:00:00,ENERGYMETER,37680.09,kWh
de661529-15d0-4960-949d-ac2c736cb5b8,2025-03-30T00:00:00,ENERGYMETER,37685.1,kWh
de661529-15d0-4960-949d-ac2c736cb5b8,2025-03-30T01:00:00,ENERGYMETER,37690.05,kWh
de661529-15d0-4960-949d-ac2c736cb5b8,2025-03-30T02:00:00,ENERGYMETER,37695.31,kWh
de661529-15d0-4960-949d-ac2c736cb5b8,2025-03-30T03:00:00,ENERGYMETER,37700.3,kWh
de661529-15d0-4960-949d-ac2c736cb5b8,2025-03-30T04:00:00,ENERGYMETER,37705.31,kWh
de661529-15d0-4960-949d-ac2c736cb5b8,2025-03-30T05:00:00,ENERGYMETER,37710.32,kWh
de661529-15d0-4960-949d-ac2c736cb5b8,2025-03-30T06:00:00,ENERGYMETER,37714.55,kWh
de661529-15d0-4960-949d-ac2c736cb5b8,2025-03-30T07:00:00,ENERGYMETER,37715.74,kWh
de661529-15d0-4960-949d-ac2c736cb5b8,2025-03-30T08:00:00,ENERGYMETER,37716.91,kWh
de661529-15d0-4960-949d-ac2c736cb5b8,2025-03-30T09:00:00,ENERGYMETER,37718.08,kWh
de661529-15d0-4960-949d-ac2c736cb5b8,2025-03-30T10:00:00,ENERGYMETER,37719.25,kWh
de661529-15d0-4960-949d-ac2c736cb5b8,2025-03-30T11:00:00,ENERGYMETER,37720.48,kWh
de661529-15d0-4960-949d-ac2c736cb5b8,2025-03-30T12:00:00,ENERGYMETER,37721.87,kWh
de661529-15d0-4960-949d-ac2c736cb5b8,2025-03-30T13:00:00,ENERGYMETER,37723.06,kWh
de661529-15d0-4960-949d-ac2c736cb5b8,2025-03-30T14:00:00,ENERGYMETER,37724.23,kWh
de661529-15d0-4960-949d-ac2c736cb5b8,2025-03-30T15:00:00,ENERGYMETER,37725.4,kWh
de661529-15d0-4960-949d-ac2c736cb5b8,2025-03-30T16:00:00,ENERGYMETER,37726.58,kWh
de661529-15d0-4960-949d-ac2c736cb5b8,2025-03-30T17:00:00,ENERGYMETER,37727.75,kWh
de661529-15d0-4960-949d-ac2c736cb5b8,2025-03-30T18:00:00,ENERGYMETER,37728.92,kWh
de661529-15d0-4960-949d-ac2c736cb5b8,2025-03-30T19:00:00,ENERGYMETER,37733.08,kWh
de661529-15d0-4960-949d-ac2c736cb5b8,2025-03-30T20:00:00,ENERGYMETER,37739.21,kWh
de661529-15d0-4960-949d-ac2c736cb5b8,2025-03-30T21:00:00,ENERGYMETER,37745.98,kWh
de661529-15d0-4960-949d-ac2c736cb5b8,2025-03-30T22:00:00,ENERGYMETER,37751.6,kWh
de661529-15d0-4960-949d-ac2c736cb5b8,2025-03-30T23:00:00,ENERGYMETER,37756.67,kWh
de661529-15d0-4960-949d-ac2c736cb5b8,2025-03-31T00:00:00,ENERGYMETER,37761.65,kWh
de661529-15d0-4960-949d-ac2c736cb5b8,2025-03-31T01:00:00,ENERGYMETER,37766.58,kWh
de661529-15d0-4960-949d-ac2c736cb5b8,2025-03-31T02:00:00,ENERGYMETER,37771.56,kWh
de661529-15d0-4960-949d-ac2c736cb5b8,2025-03-31T03:00:00,ENERGYMETER,37776.53,kWh
de661529-15d0-4960-949d-ac2c736cb5b8,2025-03-31T04:00:00,ENERGYMETER,37781.53,kWh
de661529-15d0-4960-949d-ac2c736cb5b8,2025-03-31T05:00:00,ENERGYMETER,37786.54,kWh
de661529-15d0-4960-949d-ac2c736cb5b8,2025-03-31T06:00:00,ENERGYMETER,37790.92,kWh
de661529-15d0-4960-949d-ac2c736cb5b8,2025-03-31T07:00:00,ENERGYMETER,37792.09,kWh
de661529-15d0-4960-949d-ac2c736cb5b8,2025-03-31T08:00:00,ENERGYMETER,37793.27,kWh
de661529-15d0-4960-949d-ac2c736cb5b8,2025-03-31T09:00:00,ENERGYMETER,37794.45,kWh
de661529-15d0-4960-949d-ac2c736cb5b8,2025-03-31T10:00:00,ENERGYMETER,37795.62,kWh
de661529-15d0-4960-949d-ac2c736cb5b8,2025-03-31T11:00:00,ENERGYMETER,37796.8,kWh
de661529-15d0-4960-949d-ac2c736cb5b8,2025-03-31T12:00:00,ENERGYMETER,37797.98,kWh
de661529-15d0-4960-949d-ac2c736cb5b8,2025-03-31T13:00:00,ENERGYMETER,37799.16,kWh
de661529-15d0-4960-949d-ac2c736cb5b8,2025-03-31T14:00:00,ENERGYMETER,37800.33,kWh
de661529-15d0-4960-949d-ac2c736cb5b8,2025-03-31T15:00:00,ENERGYMETER,37801.78,kWh
de661529-15d0-4960-949d-ac2c736cb5b8,2025-03-31T16:00:00,ENERGYMETER,37802.95,kWh
de661529-15d0-4960-949d-ac2c736cb5b8,2025-03-31T17:00:00,ENERGYMETER,37804.12,kWh
de661529-15d0-4960-949d-ac2c736cb5b8,2025-03-31T18:00:00,ENERGYMETER,37805.31,kWh
de661529-15d0-4960-949d-ac2c736cb5b8,2025-03-31T19:00:00,ENERGYMETER,37809.36,kWh
de661529-15d0-4960-949d-ac2c736cb5b8,2025-03-31T20:00:00,ENERGYMETER,37815.46,kWh
de661529-15d0-4960-949d-ac2c736cb5b8,2025-03-31T21:00:00,ENERGYMETER,37821.11,kWh
de661529-15d0-4960-949d-ac2c736cb5b8,2025-03-31T22:00:00,ENERGYMETER,37826.71,kWh
de661529-15d0-4960-949d-ac2c736cb5b8,2025-06-05T01:00:00,ENERGYMETER,42662.31,kWh
de661529-15d0-4960-949d-ac2c736cb5b8,2025-06-05T02:00:00,ENERGYMETER,42667.59,kWh
de661529-15d0-4960-949d-ac2c736cb5b8,2025-06-05T03:00:00,ENERGYMETER,42672.59,kWh
de661529-15d0-4960-949d-ac2c736cb5b8,2025-06-05T04:00:00,ENERGYMETER,42677.6,kWh
de661529-15d0-4960-949d-ac2c736cb5b8,2025-06-05T05:00:00,ENERGYMETER,42680.21,kWh
de661529-15d0-4960-949d-ac2c736cb5b8,2025-06-05T06:00:00,ENERGYMETER,42681.4,kWh
de661529-15d0-4960-949d-ac2c736cb5b8,2025-06-05T07:00:00,ENERGYMETER,42682.58,kWh
de661529-15d0-4960-949d-ac2c736cb5b8,2025-06-05T08:00:00,ENERGYMETER,42683.77,kWh
de661529-15d0-4960-949d-ac2c736cb5b8,2025-06-05T09:00:00,ENERGYMETER,42684.95,kWh
de661529-15d0-4960-949d-ac2c736cb5b8,2025-06-05T10:00:00,ENERGYMETER,42686.12,kWh
de661529-15d0-4960-949d-ac2c736cb5b8,2025-06-05T11:00:00,ENERGYMETER,42687.32,kWh
de661529-15d0-4960-949d-ac2c736cb5b8,2025-06-05T12:00:00,ENERGYMETER,42688.76,kWh
de661529-15d0-4960-949d-ac2c736cb5b8,2025-06-05T13:00:00,ENERGYMETER,42689.94,kWh
de661529-15d0-4960-949d-ac2c736cb5b8,2025-06-05T14:00:00,ENERGYMETER,42691.13,kWh
de661529-15d0-4960-949d-ac2c736cb5b8,2025-06-05T15:00:00,ENERGYMETER,42692.31,kWh
de661529-15d0-4960-949d-ac2c736cb5b8,2025-06-05T16:00:00,ENERGYMETER,42693.51,kWh
de661529-15d0-4960-949d-ac2c736cb5b8,2025-06-05T17:00:00,ENERGYMETER,42694.69,kWh
de661529-15d0-4960-949d-ac2c736cb5b8,2025-06-05T18:00:00,ENERGYMETER,42695.88,kWh
de661529-15d0-4960-949d-ac2c736cb5b8,2025-06-05T19:00:00,ENERGYMETER,42697.23,kWh
de661529-15d0-4960-949d-ac2c736cb5b8,2025-06-05T20:00:00,ENERGYMETER,42701.22,kWh
de661529-15d0-4960-949d-ac2c736cb5b8,2025-06-05T21:00:00,ENERGYMETER,42707.14,kWh
de661529-15d0-4960-949d-ac2c736cb5b8,2025-06-05T22:00:00,ENERGYMETER,42712.77,kWh
de661529-15d0-4960-949d-ac2c736cb5b8,2025-06-11T01:00:00,ENERGYMETER,43104.27,kWh
de661529-15d0-4960-949d-ac2c736cb5b8,2025-06-11T02:00:00,ENERGYMETER,43109.26,kWh
de661529-15d0-4960-949d-ac2c736cb5b8,2025-06-11T03:00:00,ENERGYMETER,43114.22,kWh
de661529-15d0-4960-949d-ac2c736cb5b8,2025-06-11T04:00:00,ENERGYMETER,43119.19,kWh
de661529-15d0-4960-949d-ac2c736cb5b8,2025-06-11T05:00:00,ENERGYMETER,43121.66,kWh
de661529-15d0-4960-949d-ac2c736cb5b8,2025-06-11T06:00:00,ENERGYMETER,43122.84,kWh
de661529-15d0-4960-949d-ac2c736cb5b8,2025-06-11T07:00:00,ENERGYMETER,43124.33,kWh
de661529-15d0-4960-949d-ac2c736cb5b8,2025-06-11T08:00:00,ENERGYMETER,43126.9,kWh
de661529-15d0-4960-949d-ac2c736cb5b8,2025-06-11T09:00:00,ENERGYMETER,43129.94,kWh
de661529-15d0-4960-949d-ac2c736cb5b8,2025-06-11T10:00:00,ENERGYMETER,43133.44,kWh
de661529-15d0-4960-949d-ac2c736cb5b8,2025-06-11T11:00:00,ENERGYMETER,43136.62,kWh
de661529-15d0-4960-949d-ac2c736cb5b8,2025-06-11T12:00:00,ENERGYMETER,43139.09,kWh
de661529-15d0-4960-949d-ac2c736cb5b8,2025-06-11T13:00:00,ENERGYMETER,43140.94,kWh
de661529-15d0-4960-949d-ac2c736cb5b8,2025-06-11T14:00:00,ENERGYMETER,43143.29,kWh
de661529-15d0-4960-949d-ac2c736cb5b8,2025-06-11T15:00:00,ENERGYMETER,43145.52,kWh
de661529-15d0-4960-949d-ac2c736cb5b8,2025-06-11T16:00:00,ENERGYMETER,43147.76,kWh
de661529-15d0-4960-949d-ac2c736cb5b8,2025-06-11T17:00:00,ENERGYMETER,43149.88,kWh
de661529-15d0-4960-949d-ac2c736cb5b8,2025-06-11T18:00:00,ENERGYMETER,43151.95,kWh
de661529-15d0-4960-949d-ac2c736cb5b8,2025-06-11T19:00:00,ENERGYMETER,43154.03,kWh
de661529-15d0-4960-949d-ac2c736cb5b8,2025-06-11T20:00:00,ENERGYMETER,43157.61,kWh
de661529-15d0-4960-949d-ac2c736cb5b8,2025-06-11T21:00:00,ENERGYMETER,43163.25,kWh
de661529-15d0-4960-949d-ac2c736cb5b8,2025-06-11T22:00:00,ENERGYMETER,43167.88,kWh
de661529-15d0-4960-949d-ac2c736cb5b8,2025-06-13T01:00:00,ENERGYMETER,43228.67,kWh
de661529-15d0-4960-949d-ac2c736cb5b8,2025-06-13T02:00:00,ENERGYMETER,43232.64,kWh
de661529-15d0-4960-949d-ac2c736cb5b8,2025-06-13T03:00:00,ENERGYMETER,43236.59,kWh
de661529-15d0-4960-949d-ac2c736cb5b8,2025-06-13T04:00:00,ENERGYMETER,43240.91,kWh
de661529-15d0-4960-949d-ac2c736cb5b8,2025-06-13T05:00:00,ENERGYMETER,43242.55,kWh
de661529-15d0-4960-949d-ac2c736cb5b8,2025-06-13T06:00:00,ENERGYMETER,43242.73,kWh
de661529-15d0-4960-949d-ac2c736cb5b8,2025-06-13T07:00:00,ENERGYMETER,43244.03,kWh
de661529-15d0-4960-949d-ac2c736cb5b8,2025-06-13T08:00:00,ENERGYMETER,43246.32,kWh
de661529-15d0-4960-949d-ac2c736cb5b8,2025-06-13T09:00:00,ENERGYMETER,43247.71,kWh
de661529-15d0-4960-949d-ac2c736cb5b8,2025-06-13T10:00:00,ENERGYMETER,43248.91,kWh
de661529-15d0-4960-949d-ac2c736cb5b8,2025-06-13T11:00:00,ENERGYMETER,43250.19,kWh
de661529-15d0-4960-949d-ac2c736cb5b8,2025-06-13T12:00:00,ENERGYMETER,43251.42,kWh
de661529-15d0-4960-949d-ac2c736cb5b8,2025-06-13T13:00:00,ENERGYMETER,43252.12,kWh
de661529-15d0-4960-949d-ac2c736cb5b8,2025-06-13T14:00:00,ENERGYMETER,43252.92,kWh
de661529-15d0-4960-949d-ac2c736cb5b8,2025-06-13T15:00:00,ENERGYMETER,43254.15,kWh
de661529-15d0-4960-949d-ac2c736cb5b8,2025-06-13T16:00:00,ENERGYMETER,43255.43,kWh
de661529-15d0-4960-949d-ac2c736cb5b8,2025-06-13T17:00:00,ENERGYMETER,43256.88,kWh
de661529-15d0-4960-949d-ac2c736cb5b8,2025-06-13T18:00:00,ENERGYMETER,43257.59,kWh
de661529-15d0-4960-949d-ac2c736cb5b8,2025-06-13T19:00:00,ENERGYMETER,43258.1,kWh
de661529-15d0-4960-949d-ac2c736cb5b8,2025-06-13T20:00:00,ENERGYMETER,43260.41,kWh
de661529-15d0-4960-949d-ac2c736cb5b8,2025-06-13T21:00:00,ENERGYMETER,43264.86,kWh
de661529-15d0-4960-949d-ac2c736cb5b8,2025-06-13T22:00:00,ENERGYMETER,43269.26,kWh
